pseudo_id,tempo,valence,danceability,acousticness,energy,instrumentalness,liveness,loudness,speechiness,track_id
0,124.016,0.106,0.444,8.46e-05,0.991,8.43e-05,0.12,-4.167,0.133,000VZqvXwT0YNqKk7iG2GS
1,120.963,0.524,0.748,0.131,0.627,0.0,0.0852,-6.029,0.0639,000xQL6tZNLJzIrtIgxqSl
2,166.018,0.651,0.509,0.684,0.803,0.000539,0.463,-6.743,0.04,000xYdQfIZ4pDmBGzQalKU
3,124.993,0.597,0.527,0.108,0.793,3.28e-06,0.144,-4.823,0.0352,0010mZpCCwlPwoBiBsjoac
4,87.997,0.356,0.775,0.061,0.355,0.0137,0.166,-11.755,0.158,001BVhvaZTf2icV88rU3DA
5,90.048,0.841,0.826,0.307,0.679,2.5e-05,0.151,-6.802,0.129,001CyR8xqmmpVZFiTZJ5BC
6,114.071,0.0381,0.747,0.231,0.583,0.0,0.0443,-7.072,0.0575,001bQcMKt86oNbnWne4EAB
7,152.283,0.5,0.393,2.16e-05,0.878,0.000106,0.375,-3.705,0.04,001m5KK2fu67yZ5ZW46LDZ
8,73.347,0.239,0.232,0.779,0.485,0.934,0.116,-13.939,0.0556,002HVvfZx6AKPzJEeimuu5
9,89.901,0.261,0.707,0.0508,0.618,0.0,0.102,-7.154,0.142,002opcRBgYV5jqoh72QcqA
10,117.044,0.959,0.61,0.266,0.65,2.18e-05,0.0989,-5.621,0.068,003R4eVgMYJqn6PaD3ShPF
11,85.715,0.712,0.544,0.347,0.436,0.0,0.325,-7.475,0.0562,003xj5QO14i4q75qFblh3c
12,109.992,0.892,0.626,0.000459,0.953,0.0,0.296,-4.283,0.0428,004CHLDuagb2GLTYON5bQ4
13,174.065,0.755,0.644,0.00163,0.749,0.863,0.0735,-6.531,0.0336,004XT7kCZUEJkVIZjmBdDi
14,104.982,0.658,0.838,0.768,0.703,1.56e-06,0.0861,-6.195,0.05,004q4eDxR33ci4f8m4flwl
15,102.951,0.966,0.654,0.0827,0.887,0.000104,0.033,-6.864,0.0349,004r6DQZNkMagJyGBjyapx
16,132.997,0.764,0.605,0.000738,0.846,1.25e-06,0.053,-4.581,0.0778,004skCQeDn1iLntSom0rRr
17,148.354,0.144,0.573,0.0523,0.446,0.122,0.111,-9.102,0.221,0051XNkzp7FXjzG9dpijnN
18,97.044,0.709,0.782,0.277,0.341,0.000111,0.109,-7.646,0.0311,005GaX6hvgeTFnR9FvejTE
19,94.122,0.193,0.479,0.000868,0.96,0.000507,0.37,-4.866,0.108,005drRcJJFgFHgtxSJJO0v
20,116.035,0.528,0.713,0.775,0.459,0.0,0.147,-4.683,0.0369,005ojEjmGPAfBptQDTYi5T
21,115.137,0.123,0.491,0.697,0.324,0.0,0.135,-10.627,0.0442,006AVH7fq061voGXkUiII4
22,178.012,0.165,0.365,0.291,0.795,0.0,0.356,-4.177,0.0489,006SglxPR4kFundfJs51TD
23,187.989,0.539,0.585,0.422,0.547,0.0253,0.0774,-9.005,0.0438,006WRVtgmwxurJh8CvJEec
24,142.167,0.936,0.632,0.679,0.44,0.0,0.0745,-8.016,0.0301,006f4XC6oHnIKCYvlI5gbD
25,120.99,0.679,0.825,0.0714,0.721,0.00549,0.0533,-7.44,0.0972,006oQzCztQunM3OK3FOUUA
26,91.957,0.909,0.864,0.368,0.467,0.000314,0.126,-6.885,0.0407,006wUABTBP0B0QWDapfZBT
27,140.16,0.263,0.75,0.0543,0.808,0.00022,0.516,-2.032,0.084,006yrnQMCZpiUgkR612gC8
28,174.057,0.642,0.598,0.0412,0.95,0.0,0.664,-3.345,0.1,007QSAaELpVxtX5Z6dMn0U
29,107.579,0.28,0.472,0.703,0.243,0.0556,0.156,-14.722,0.0333,007mFyG9VvwCfQVYS0Aa87
30,110.059,0.353,0.565,0.00564,0.92,0.00101,0.986,-6.049,0.0365,007mLuAjJi83YbT70hThvx
31,129.988,0.362,0.564,0.096,0.824,0.0,0.379,-5.826,0.033,007rZj6pYd6OWlI3EqY82O
32,95.001,0.926,0.76,0.288,0.603,0.0823,0.115,-5.378,0.0315,008INoe6nqquN4Rkfkfg6M
33,130.034,0.848,0.8,0.118,0.969,0.0,0.305,-2.68,0.0851,008Lxsuwhbm5sIwdbJsPjU
34,114.956,0.245,0.543,0.702,0.373,2.89e-06,0.107,-10.504,0.0303,009j4tQyJC53rmgTuXil9E
35,172.006,0.213,0.616,0.189,0.67,0.396,0.0385,-5.958,0.05,009pjwnOrxcHjdg2uCuszR
36,130.026,0.95,0.855,0.439,0.691,0.000135,0.0799,-5.095,0.254,00A2WISItuZYi8uHEvtH3H
37,94.993,0.581,0.707,0.295,0.679,0.000352,0.368,-8.843,0.0433,00AI4cRmPek5ivn4lidqOX
38,144.037,0.344,0.319,0.0017,0.936,0.0,0.0404,-4.887,0.0509,00ANezjn7uJm2J5VWMYcwS
39,166.877,0.542,0.384,0.181,0.909,0.0,0.223,-4.26,0.524,00ANnYctEGGhcmOJ5omaj8
40,177.98,0.667,0.724,0.0253,0.705,0.16,0.341,-6.724,0.125,00AiyOJFuhxqwsUDS5Cxsy
41,87.96,0.397,0.515,0.906,0.446,1.74e-05,0.473,-7.965,0.0254,00An04LOF36saBLHZpBRLH
42,107.985,0.291,0.579,0.000668,0.804,1.19e-06,0.198,-4.777,0.0265,00AxNl4D4jHL2AEf1W55j5
43,147.055,0.0382,0.39,0.744,0.39,0.0858,0.0771,-15.14,0.0529,00BTDWR6xCaGdst6cPKkpF
44,94.987,0.428,0.514,0.000152,0.944,3.35e-06,0.298,-5.621,0.0583,00BYAj1kUfp0qEJuwFxWgd
45,119.81,0.399,0.604,0.0846,0.472,9.48e-06,0.0778,-9.488,0.136,00BnfL75e8vHSGCmwUWbEk
46,172.028,0.698,0.445,0.045,0.876,0.00179,0.304,-4.342,0.0455,00CGMygJmpUJGUyRsYRUbe
47,108.012,0.242,0.755,0.0343,0.569,0.485,0.0973,-11.009,0.0425,00CQJXwhMPdoyXRlITsoBT
48,184.537,0.107,0.53,0.000965,0.77,0.0115,0.265,-5.882,0.0824,00Ci0EXS4fNPnkTbS6wkOh
49,95.057,0.931,0.731,0.498,0.609,0.882,0.1,-8.616,0.0342,00CjPU9Nv69kf6YofOIazK
50,116.006,0.477,0.575,0.04,0.985,0.0,0.161,-1.038,0.0743,00CqEmnPLFKDhAb3cuu6Cs
51,76.284,0.35,0.356,0.0226,0.753,3.99e-05,0.178,-5.061,0.0988,00CujlY4ya5p2FNDu9BCZP
52,132.303,0.143,0.481,0.75,0.266,0.0,0.118,-11.7,0.0305,00DBKn29OAvVfQjrEbtw1C
53,91.539,0.936,0.733,0.0987,0.86,0.0868,0.0867,-6.575,0.147,00DH09LjQrlTpWTzVwBU0Y
54,118.578,0.44,0.34,0.179,0.71,0.0,0.203,-9.843,0.0709,00DLDbWqrOhC6cEBr7zkjj
55,104.971,0.935,0.875,0.411,0.794,0.0,0.0704,-2.63,0.129,00Dy1ZWYXpJauvc0CPmHFr
56,94.036,0.578,0.676,0.0433,0.934,0.0,0.805,-7.675,0.306,00EE6U2juZMvGuMUCTHuas
57,169.84,0.3,0.537,0.791,0.671,8.04e-06,0.248,-9.74,0.57,00EfcDboIDLWzvPypeWGDg
58,74.873,0.131,0.565,0.0528,0.713,0.0,0.231,-4.893,0.0673,00EnN4XfNdQYzOh6oimHfc
59,128.097,0.877,0.708,0.0415,0.764,0.0,0.161,-5.073,0.12,00FACc7SXgRdodfCeBG8Su
60,87.956,0.346,0.659,0.00141,0.538,0.155,0.126,-10.094,0.235,00FF61Oc2RfR4HysYyvxt9
61,130.085,0.366,0.617,0.399,0.624,0.0,0.0743,-8.733,0.41,00FWuEBvnitgpbMSk0XIoN
62,143.025,0.789,0.659,0.0129,0.852,0.0,0.366,-6.186,0.122,00FaBIFXUfzaaVcsQmTTJY
63,152.005,0.215,0.605,0.0346,0.856,0.873,0.0874,-6.094,0.0666,00FldKRY0RvsKorwsMzNt3
64,121.009,0.905,0.71,0.000706,0.85,5.49e-06,0.36,-5.751,0.0306,00Fp3LOaHKRGvgSM3cws7f
65,75.033,0.342,0.717,0.0945,0.814,5.08e-06,0.853,-3.828,0.229,00G6GfVa1uUyXBEEaqytL5
66,159.807,0.237,0.388,0.995,0.0226,0.906,0.109,-28.815,0.0807,00Ghh8AvVnxzX7nl6ThOln
67,107.007,0.676,0.951,0.446,0.567,0.138,0.106,-10.948,0.283,00GwxMge3vIOMeV43Erckc
68,85.893,0.816,0.53,0.254,0.787,0.0,0.125,-4.769,0.183,00HMEiBMDkbNCHLJL6zqVk
69,68.757,0.21,0.36,0.846,0.357,0.0,0.0698,-6.63,0.0303,00HWHVerv16snyQSRrfVWT
70,137.971,0.569,0.811,0.00761,0.737,0.00057,0.29,-6.923,0.0393,00IMpdorXDMjMCSeSH0NVV
71,77.981,0.457,0.549,0.308,0.627,0.0,0.183,-6.209,0.0279,00IuYbkpL3bQilWyhhR7aE
72,142.863,0.271,0.351,0.0267,0.595,0.0,0.858,-6.618,0.0311,00IyeP7sRybKkJs7Y0kBYW
73,95.01,0.327,0.703,0.508,0.555,0.0,0.134,-6.173,0.0284,00JbznfNVCiSSqLXI7wd5B
74,103.643,0.556,0.365,0.662,0.449,2.46e-06,0.153,-13.516,0.0356,00KSN0qtGSeYX9qFClCEcg
75,148.285,0.907,0.792,0.426,0.538,0.0,0.194,-8.898,0.0665,00KcJmQZDQoSfTPbd1afPP
76,100.967,0.451,0.553,0.00401,0.907,0.0,0.266,-5.623,0.0484,00KfIFi2TpAaQGPbRbFbKJ
77,159.97,0.278,0.534,0.019,0.84,8.97e-06,0.197,-4.535,0.463,00L5zl0hO6lO069lzRWNkW
78,91.522,0.464,0.447,0.00904,0.918,0.0,0.124,-4.158,0.0921,00MGnvXDyTlYlEqu5EYDlH
79,103.915,0.961,0.81,0.419,0.622,7.02e-05,0.153,-12.715,0.0671,00N0HLqc3ebGR2DKcH8cU4
80,139.937,0.154,0.462,0.0238,0.433,3.34e-06,0.0871,-8.067,0.0279,00N19SVEo6XJFaerouyckn
81,93.01,0.696,0.782,0.0845,0.566,0.854,0.142,-10.321,0.147,00NLANlysX9yJpOD3mfshw
82,129.995,0.951,0.853,0.343,0.571,0.0,0.135,-3.53,0.0434,00NbQxhcyg70ieqxsKbnCV
83,93.241,0.76,0.492,0.196,0.936,0.00327,0.0843,-2.848,0.246,00NmK2seXpRFNAEsRBe7lc
84,127.141,0.822,0.854,0.104,0.8,3.7e-06,0.0506,-6.139,0.115,00PhRxMpNWMaIgGLrYeSEB
85,76.995,0.746,0.69,0.17,0.518,1.77e-06,0.382,-8.843,0.0845,00QuXoF6LyKwH9xz7lXGdf
86,127.935,0.687,0.549,0.846,0.554,3.17e-05,0.094,-6.637,0.0454,00QxPiv5tWA0DivDF4bFzR
87,143.933,0.166,0.311,0.827,0.259,0.0,0.159,-11.727,0.0319,00RAe9PMz8cjuaRCZHQFaR
88,120.062,0.542,0.651,0.00129,0.704,0.000321,0.36,-6.867,0.0339,00RXRO3lMRX2jzqSLPOUYG
89,184.888,0.653,0.615,0.0216,0.921,5.86e-05,0.146,-4.472,0.0541,00RY8ND2vmnVaxG7fi2Ndd
90,100.032,0.151,0.597,0.0166,0.965,0.000116,0.195,-1.42,0.0445,00RYw42tKwXecTaVay3BKl
91,126.426,0.0843,0.543,0.6,0.509,0.000133,0.105,-9.145,0.0561,00S0eOLwzdqcC9V8hmigD2
92,109.932,0.0662,0.718,0.00794,0.675,0.00269,0.0983,-7.099,0.0381,00SlXYapXP5KuDarLc2hUJ
93,128.024,0.36,0.571,0.000224,0.611,0.778,0.0797,-10.903,0.0556,00SoIMYmXRmDelWr3oInEU
94,90.018,0.252,0.6,0.00225,0.91,0.148,0.133,-3.785,0.058,00TRUnuEogzrVx5Nvuhjve
95,87.991,0.846,0.874,0.104,0.647,0.0,0.0714,-8.357,0.174,00UDKVPihHe7Nf3EBMPhim
96,135.976,0.936,0.769,0.111,0.894,0.0,0.0333,-3.379,0.0395,00UZySJXRYQgnOrlzluIIm
97,77.892,0.382,0.498,0.509,0.475,0.0,0.247,-8.043,0.029,00V2jgXWvvwY5wWan8buzm
98,75.337,0.413,0.483,0.108,0.752,2.73e-06,0.264,-4.516,0.0706,00V7hys3DAMc0odkTw2TeI
99,125.7,0.598,0.535,0.00412,0.95,0.276,0.469,-3.899,0.0899,00VKjTegmSozg5BEKbDvoy
100,128.359,0.339,0.603,0.442,0.538,4.89e-05,0.101,-8.948,0.232,00VWUa96Clte4uNEv963vn
101,119.935,0.362,0.595,0.0333,0.802,2.8e-06,0.0717,-4.655,0.22,00VxlBCTky2MEXU0o5f0R3
102,124.928,0.518,0.566,3.61e-05,0.958,0.009,0.134,-3.657,0.0426,00W0J8q6WkTWPSQpf7ujd4
103,133.013,0.601,0.847,0.503,0.567,0.0,0.0774,-9.489,0.338,00WFoR7tPga5Wj92MSR3eD
104,75.508,0.374,0.386,3.43e-05,0.888,0.0904,0.0692,-5.528,0.0635,00WVclSOdTPuLYTott68Wl
105,85.168,0.33,0.404,0.783,0.163,0.0,0.108,-13.587,0.0354,00WlhL0LSsLLPxpE26ulrs
106,139.639,0.354,0.619,0.202,0.738,2.84e-06,0.513,-7.559,0.218,00X0ABCr4AZpT5GDfwjdcg
107,82.028,0.769,0.784,0.491,0.7,0.0,0.108,-7.649,0.108,00X2yv2vrtritPt2CZnUTZ
108,83.898,0.78,0.451,0.00058,0.896,0.000359,0.323,-3.396,0.0579,00XP0o05u7lD4bGuBvurQj
109,109.167,0.511,0.67,0.179,0.55,6.32e-06,0.184,-7.577,0.0279,00XjwOz9DOU0fKnh17GXOv
110,139.923,0.389,0.563,0.0271,0.936,0.642,0.157,-5.956,0.194,00XwsB20bwisKzazPgO4RY
111,151.035,0.403,0.444,0.0014,0.867,0.000649,0.066,-5.937,0.0392,00YAn5zjF18r2LTRl5jRVT
112,143.98,0.882,0.695,0.0218,0.836,0.0,0.0459,-4.231,0.0429,00ZROeHf7xvMw5q8wAYf9O
113,79.964,0.387,0.629,0.838,0.411,0.0161,0.112,-9.044,0.243,00ZVirYmp7wZcnbaz2e4TO
114,163.913,0.417,0.466,0.241,0.752,0.0,0.408,-6.976,0.516,00aFk1wjKelA5joWa6oRqw
115,164.094,0.406,0.761,0.753,0.344,0.804,0.104,-11.662,0.0666,00aSUO0t0C0mOEcNiCpkZp
116,171.596,0.233,0.273,0.299,0.741,0.00135,0.761,-7.474,0.0493,00ailAfAjjifgelyFD6nHP
117,153.521,0.415,0.461,0.839,0.293,0.0,0.118,-9.0,0.0496,00bAw28lKcHj3B94a1wJle
118,142.499,0.396,0.715,0.472,0.497,0.0,0.116,-9.914,0.0371,00bHxCcteaAJhU5WiP1mtf
119,114.99,0.57,0.809,0.0777,0.773,0.146,0.113,-6.758,0.0676,00beHO2oTWTZMfcGukiHo2
120,89.125,0.349,0.687,0.0179,0.921,0.0,0.267,-3.646,0.271,00blYtuM22dQpn693F2BlC
121,160.055,0.651,0.753,0.0565,0.718,1.25e-05,0.107,-6.485,0.131,00cbRAOr6wTPE9WBMejhiM
122,79.981,0.76,0.765,0.209,0.652,0.0,0.113,-7.225,0.442,00d0mhp0rihlfqch8l7MGU
123,107.144,0.767,0.766,0.727,0.529,5.68e-06,0.127,-6.388,0.0252,00d5xg90Mvl5bvK18oliSI
124,89.761,0.29,0.432,0.00439,0.934,0.000616,0.395,-3.656,0.0866,00dBDFxN5i4S6Ko00jKqNW
125,86.015,0.741,0.611,0.717,0.794,3.63e-06,0.458,-7.547,0.0693,00dThTUpPME0XhBr6vHmkT
126,148.832,0.166,0.52,0.00896,0.595,0.0,0.101,-6.19,0.0475,00dgK4Nln0AJQvI66SLRDb
127,118.049,0.343,0.418,0.971,0.207,0.0696,0.103,-12.206,0.0461,00e1c7sY2YmpscKwKdddX0
128,86.485,0.461,0.348,0.581,0.297,0.0,0.172,-9.372,0.0352,00eP3Re9E5u29vdU0oPuRK
129,132.036,0.327,0.645,0.747,0.513,0.0,0.123,-7.705,0.0319,00eQhZv2u4X3qNTKAPbyGU
130,91.287,0.79,0.669,0.845,0.382,0.0,0.0778,-13.504,0.638,00eSBjcEtF8WcKyUKE86ee
131,160.117,0.715,0.811,0.115,0.621,0.0,0.0836,-5.031,0.188,00efU9s1tVptQB3SUabGvu
132,137.684,0.487,0.594,0.814,0.23,0.0,0.675,-12.609,0.0595,00gQlL5wLo1puyxaTrXIdn
133,88.0,0.722,0.638,0.0489,0.707,0.338,0.31,-10.477,0.0335,00gVLA5wOtIOEUoZcXxhCq
134,100.1,0.914,0.89,0.302,0.634,0.0,0.0616,-5.761,0.0299,00gqmd4AWQxzwCHIr3evjw
135,180.043,0.655,0.601,0.0702,0.75,0.0,0.554,-6.585,0.42,00h12tbjC9Aa5uEuq9HrgO
136,79.521,0.387,0.455,0.0232,0.837,5.51e-05,0.112,-5.179,0.0543,00h32OTWBwcKSogvu1G2ZB
137,171.341,0.551,0.332,0.000324,0.837,0.0,0.164,-3.437,0.038,00h6syYCxPKVsInPHXhdZ1
138,100.059,0.0388,0.167,0.012,0.399,0.873,0.264,-7.798,0.0303,00hO26UwCgpDmViG6crrnm
139,169.038,0.469,0.521,0.377,0.616,5.85e-06,0.11,-6.11,0.0288,00hTw7P6jPUio5Qgojw38w
140,89.932,0.508,0.505,0.722,0.885,0.0,0.909,-6.796,0.853,00hVcKODz4Ch9gj0zWEz6M
141,136.904,0.487,0.48,0.00479,0.93,0.104,0.161,-5.985,0.0385,00hgtJwONC7jG6X0GUMXvv
142,81.004,0.603,0.706,0.167,0.631,4.91e-06,0.155,-4.292,0.0381,00hh0NPClA0PJetfwn4k5R
143,126.043,0.381,0.726,0.0576,0.793,3.24e-06,0.0526,-4.875,0.157,00hlIlc6Ezzm0KABuxulgW
144,142.006,0.946,0.725,0.0344,0.903,0.0,0.183,-2.955,0.0658,00i0O74dXdaKKdCrqHnfXm
145,124.036,0.496,0.497,0.0363,0.922,0.0,0.0702,-4.674,0.139,00iCRJ7pk3onHablkLyVH1
146,185.156,0.459,0.329,0.0829,0.574,0.0,0.962,-7.327,0.0302,00j7NgyKytDYlBEpIv4QPQ
147,173.008,0.227,0.577,0.00155,0.706,0.446,0.0853,-8.697,0.0456,00jd79CdpyUtCow5cx7P6R
148,131.322,0.429,0.353,0.642,0.466,5.75e-06,0.718,-9.363,0.0521,00jpfzztJgSupflbzmH3T1
149,159.982,0.533,0.795,0.108,0.982,0.00811,0.526,-0.737,0.191,00k4IcdhoUtt3fBATrDyhh
150,175.548,0.346,0.393,0.664,0.418,5.46e-05,0.108,-8.976,0.0269,00kIWJu9IHiQ6i0qJAU0Z9
151,175.931,0.728,0.502,0.0109,0.762,0.0,0.0641,-6.3,0.0522,00kWGi3KI7xqeVpC6Kkaqt
152,88.968,0.0357,0.0999,0.851,0.0763,0.722,0.0817,-22.557,0.035,00l9KCQeplWA4aGZWCyfes
153,119.997,0.0623,0.655,0.0118,0.638,0.89,0.0325,-10.314,0.0436,00lMz2LLP4tTBK1EQs5fSZ
154,95.443,0.87,0.693,0.0592,0.753,0.866,0.0566,-7.698,0.0599,00lz7Upb0bJLdFEjieRNb5
155,80.233,0.802,0.659,0.254,0.652,0.0,0.215,-5.422,0.196,00m2M7qkAZ69bazdXVx99z
156,155.985,0.271,0.518,0.0851,0.762,0.0,0.148,-3.907,0.0305,00mBzIWv5gHOYxwuEJXjOG
157,132.817,0.676,0.514,0.583,0.576,0.779,0.108,-9.429,0.0313,00mX5OzWnm7mpo8le5hcxl
158,93.688,0.637,0.654,0.573,0.818,0.0,0.0476,-7.425,0.582,00mysNHejF7KdBNhdopXpQ
159,128.023,0.362,0.775,0.787,0.616,1.24e-05,0.107,-7.292,0.116,00nxCCaqx2UF2d6w2tb9PC
160,97.435,0.246,0.766,0.281,0.434,0.0,0.318,-6.186,0.0642,00oQl8RFiv7dYavRx3U9IA
161,76.082,0.314,0.361,0.0111,0.793,0.0,0.223,-2.008,0.0507,00ogmsZiK6dB0QVUDBeehZ
162,77.625,0.183,0.146,0.978,0.183,0.936,0.123,-26.235,0.049,00omBVEASwCIMq5vXHD2ie
163,85.031,0.736,0.896,0.018,0.727,7.72e-05,0.443,-8.109,0.147,00ooUMfzuVRhD1w9fnQhAZ
164,155.996,0.508,0.587,0.00583,0.898,0.294,0.241,-12.426,0.0507,00p3wMZcWloGsEGvBRcmuK
165,135.921,0.409,0.748,0.742,0.219,0.0,0.0663,-13.729,0.0963,00pLvXMdSXJG8HLliuWTWt
166,128.611,0.0939,0.308,0.976,0.148,0.252,0.072,-18.581,0.0427,00qJCrBeIkCWog7b2zRp69
167,88.182,0.302,0.45,0.227,0.684,0.0,0.649,-6.714,0.0443,00rBZrXRiVFTq21bksu4Xd
168,75.523,0.866,0.821,0.0471,0.791,0.0,0.0693,-7.672,0.154,00rZbQ8sYG1AuXpGjmOpho
169,135.11,0.975,0.624,0.41,0.458,0.0,0.137,-12.664,0.0473,00rmsjfesXsyNfQJpGKm98
170,88.009,0.819,0.835,0.0708,0.757,0.0,0.184,-4.851,0.157,00rsJA8H0HO6NxWsT6ISCg
171,69.413,0.893,0.507,0.558,0.853,0.0,0.253,-3.59,0.0481,00s11tE8e8PVuVj9luoJQN
172,130.023,0.559,0.685,0.253,0.555,0.0,0.126,-9.185,0.0298,00sBZrZvJmsrtIjXK0vsh3
173,136.203,0.968,0.823,0.237,0.394,1.35e-06,0.0686,-9.373,0.0394,00sFLCbAGFeknTHUv9MTse
174,150.048,0.478,0.644,0.00765,0.706,0.00392,0.322,-5.272,0.0289,00sJbK3XvDlQ1wnsWGEqVD
175,148.748,0.318,0.504,0.28,0.794,1.69e-05,0.121,-7.238,0.192,00sWbC0UVmFd0x0q3alDnK
176,150.251,0.267,0.425,0.157,0.782,1.38e-06,0.283,-6.181,0.509,00sdTydRkPM9HI4KxkQxRy
177,117.554,0.27,0.685,0.0106,0.793,0.0,0.107,-2.704,0.0364,00tvWsRBuRwQ33Aq7uZPos
178,178.132,0.964,0.596,0.241,0.836,9.08e-05,0.343,-10.267,0.121,00uBikdwYaPGhWdsZxulx9
179,103.996,0.596,0.733,0.112,0.7,1.67e-06,0.221,-5.83,0.071,00ueQGOP5Tbp0sjOCtDrA8
180,88.128,0.102,0.625,0.653,0.174,0.823,0.116,-14.096,0.0314,00vImTQe13pqjF5AEFjcoK
181,119.977,0.298,0.704,0.00138,0.827,0.0124,0.0719,-6.267,0.0327,00vUrusmasV9tsjBJqYtBI
182,129.788,0.576,0.656,0.0301,0.788,0.0,0.205,-5.754,0.145,00wBRJMvirudkGVbU3t2bm
183,125.251,0.749,0.553,0.789,0.729,0.0,0.0586,-10.778,0.0434,00wU6YKnzNlavZ1TPpLUlp
184,110.15,0.281,0.518,0.879,0.197,6.97e-05,0.115,-12.698,0.0413,00wWSS82pM5L0CZGU1rYIC
185,135.026,0.224,0.382,0.012,0.819,2.58e-05,0.2,-4.763,0.0495,00wx4uDQOlYl9dphJXCWcB
186,123.878,0.486,0.69,0.102,0.589,0.0,0.039,-9.129,0.32,00x1Stu0FrYELVDpmCMRUm
187,85.061,0.47,0.533,0.169,0.643,0.0,0.188,-7.593,0.0413,00xBJ1IJSkErFWuuHxLPoP
188,104.977,0.344,0.686,0.69,0.688,0.73,0.12,-15.666,0.0627,00xROqagTXvH2PZKrGoYEB
189,100.988,0.348,0.783,0.0501,0.849,0.0,0.311,-8.088,0.105,00xYAFzdikA6wVUnr2FzXZ
190,88.983,0.23,0.651,0.774,0.414,0.000478,0.122,-5.754,0.031,00xjXIoyDIQYSYve03VsXf
191,92.095,0.308,0.635,0.0204,0.694,0.0,0.173,-5.747,0.174,00yKAtlfQbe5s6z8iHwWqb
192,119.308,0.528,0.439,0.00334,0.712,0.0,0.0819,-5.162,0.0561,00yQl6VP2oHUqnrhAXEKoW
193,114.117,0.785,0.708,0.539,0.862,0.0,0.11,-6.072,0.0929,00ylpioXq9EFFUbI7gay05
194,84.016,0.766,0.464,0.264,0.912,0.0,0.0312,-3.125,0.354,00yqqKgbsnKosZ3hndFaVV
195,116.93,0.893,0.737,0.0936,0.818,0.0,0.0577,-2.892,0.0492,00z4wF0iJsp6GwDkQxkGs6
196,123.049,0.616,0.684,0.146,0.669,1.28e-05,0.112,-5.95,0.0335,00zncqXDgegVEncnEosjCs
197,107.586,0.42,0.774,0.778,0.331,2.82e-06,0.104,-9.856,0.0657,010EVa2zhnPJlxHYXoETt1
198,124.056,0.626,0.543,0.000206,0.937,0.0301,0.112,-4.608,0.073,010zNby24HBoMyMZClgViJ
199,170.016,0.846,0.581,0.0253,0.719,0.0,0.212,-4.282,0.0317,011Dg8Hkelamb0hAuaijWd
200,118.036,0.525,0.898,0.185,0.668,0.0,0.259,-5.024,0.179,011Y5Pvrtt2rHLcYdqcJ2d
201,138.008,0.965,0.721,0.205,0.681,0.0,0.0501,-4.419,0.033,011xoKDagylY12ofOd3qUX
202,114.655,0.36,0.599,0.8,0.303,0.0,0.0822,-7.658,0.0341,012Dp2HH7Yd2Vn06icBFQv
203,139.041,0.218,0.541,0.953,0.262,0.000344,0.104,-9.798,0.0275,012hwrpv6RHD713nBVUyg7
204,78.084,0.0961,0.316,0.425,0.431,0.00616,0.158,-7.881,0.0299,012pvcJ7ANOyJglw2tXPWc
205,103.221,0.338,0.531,0.693,0.373,0.00462,0.108,-10.61,0.0247,013IXgOa1zzkXMPDX7hhdC
206,112.234,0.743,0.463,0.146,0.875,0.00103,0.297,-6.321,0.138,014RXVFKrGRSNXjwrNVVwI
207,199.956,0.184,0.307,0.00334,0.978,0.0,0.439,-3.679,0.316,014g5GZXFXDhT27dNwN1So
208,100.104,0.389,0.429,0.61,0.385,0.0,0.155,-7.693,0.0272,014kSxHtTvubc2tXAmEmxK
209,81.965,0.156,0.422,0.0489,0.769,0.0174,0.102,-4.301,0.0314,0158bI3P1oQXWMG3RE3KFu
210,120.026,0.595,0.858,0.181,0.659,0.0553,0.0939,-7.075,0.0474,015BCBzbTyaGy01VopJlR9
211,130.103,0.151,0.605,0.0073,0.615,2.8e-06,0.183,-6.506,0.0407,015EqyiziMvVVKWAc6XRwg
212,111.963,0.405,0.681,0.457,0.416,0.883,0.101,-10.705,0.0335,015HUIezeLr63jM8rZHNCn
213,150.037,0.912,0.84,0.326,0.755,0.000627,0.095,-5.716,0.0519,015bKqyOq3f9pAhpvQb9cV
214,145.977,0.157,0.407,0.355,0.335,0.0,0.145,-10.01,0.032,016DP00vwMNLR10fT8jQka
215,102.113,0.172,0.614,0.979,0.175,0.923,0.103,-18.861,0.0474,017dbEUVSuGK7YzU8CLb8S
216,177.952,0.852,0.527,0.015,0.981,0.0,0.211,-2.675,0.126,017qYDiQ3s9Yp5PZbdtPzr
217,130.046,0.534,0.755,0.0862,0.759,0.0,0.349,-5.259,0.0662,017qykiMjejqcpbUtmE1VS
218,189.97,0.147,0.577,0.618,0.555,0.866,0.116,-9.045,0.0598,018SQDupRTRsl1Wolu1X0c
219,136.002,0.772,0.651,0.00326,0.818,1.84e-05,0.109,-5.808,0.032,018YpDWBo5HaPmPPIOS6jE
220,93.02,0.871,0.618,0.216,0.745,0.0,0.13,-7.523,0.026,018ZhDj2b6ZUlsE8hddSQc
221,160.037,0.709,0.452,7.86e-05,0.925,0.432,0.249,-4.589,0.0874,018kZPz2oWpyJpIF1EBpe7
222,90.42,0.171,0.52,0.993,0.0631,0.0519,0.11,-17.377,0.034,0194YiKINgCOppywsNv7FT
223,107.467,0.622,0.536,0.000122,0.667,0.474,0.133,-8.148,0.0273,0197uIZMDwDQadQX0tvFEs
224,97.946,0.921,0.657,0.0271,0.985,0.00562,0.211,-3.391,0.134,019DBWo4co4B2zuq8WpEmP
225,77.471,0.39,0.821,0.0345,0.779,0.0,0.0944,-5.746,0.0911,019DF8Hvg3EZVhFl5msAAJ
226,144.063,0.576,0.609,0.953,0.382,0.472,0.0964,-11.973,0.0496,019WsMjCiq2cTb87qR0F37
227,149.957,0.662,0.567,0.0112,0.882,2.88e-06,0.298,-4.146,0.0596,019j8UOaqlO7DAIGwG8QnH
228,177.763,0.263,0.19,0.923,0.276,0.592,0.177,-8.838,0.0323,019xlq3CAcoYYZVkvL7bnJ
229,91.167,0.495,0.618,0.36,0.463,1.9e-05,0.0961,-13.678,0.0287,01A2WQYznjtWrCvCG1WVJC
230,119.971,0.231,0.793,0.0406,0.631,0.000478,0.207,-6.109,0.0998,01A7PEPSnmtixFPfB2UTal
231,56.653,0.0306,0.0639,0.516,0.552,0.952,0.864,-30.88,0.105,01AKBy0h9oJamIXgMkDXu0
232,125.867,0.241,0.323,0.652,0.476,3.13e-05,0.104,-9.209,0.0422,01BCiwmvWuFVgZQJntDeFh
233,130.965,0.566,0.666,0.19,0.407,0.0,0.0937,-7.942,0.0435,01BMA2zYOX51Vz7QHdSAgO
234,80.007,0.356,0.641,0.182,0.647,0.0,0.122,-7.911,0.0683,01BrGoe3LImmgQO75WoPC8
235,104.992,0.73,0.737,0.0237,0.946,9.79e-05,0.143,-3.625,0.16,01CBfjT30D8DKOqEfTOfnH
236,75.682,0.303,0.457,0.858,0.349,0.0,0.314,-6.909,0.12,01CJDcOSteNT93CgfgsajY
237,146.158,0.719,0.727,0.206,0.384,8.4e-05,0.102,-11.017,0.0395,01CNMSXp8OkNNPIwFiOeiF
238,124.007,0.431,0.762,0.0038,0.713,0.897,0.0822,-10.956,0.0676,01CWGkYGD0CV3opq9GikkC
239,142.028,0.447,0.733,0.0859,0.578,1.19e-06,0.403,-5.245,0.0417,01Ch5LzVStxCFPKkT1xg6k
240,91.954,0.432,0.613,0.00159,0.711,0.000981,0.141,-7.614,0.0238,01CoJ5SrLd5V9nm9oD3b1m
241,145.902,0.297,0.468,0.0555,0.712,2.47e-05,0.1,-5.559,0.0305,01DbOUlA8tfhNiXQfseZ8c
242,108.01,0.887,0.801,0.0165,0.732,0.788,0.214,-6.216,0.0453,01DrXj5EAlZOeRUXihgtQE
243,124.78,0.879,0.54,0.713,0.775,0.0271,0.254,-6.081,0.0387,01ENVUVncOl3XWA2HrDjJD
244,115.003,0.198,0.64,0.0922,0.669,0.541,0.0633,-5.939,0.036,01GHm5UtG2XN7ANzLcv5pU
245,150.003,0.701,0.663,0.259,0.861,0.00194,0.104,-6.418,0.0382,01GQSKwMUqQSzFa3XYcilT
246,119.051,0.316,0.634,0.278,0.51,2.9e-06,0.0741,-9.638,0.0299,01HHVuCx2hBQLl2aZExNAc
247,85.982,0.188,0.763,0.95,0.241,0.632,0.14,-13.079,0.0424,01HPnGbrbly2e5py6GEY91
248,98.052,0.776,0.781,0.117,0.917,2.37e-06,0.0901,-1.787,0.0332,01HcDJQDhnIsabI5OR6Z1V
249,134.999,0.387,0.592,0.023,0.714,9.36e-06,0.101,-6.363,0.055,01I156dG8jpLjjy97az6XK
250,129.046,0.57,0.693,0.173,0.672,0.0,0.507,-4.533,0.028,01IMhZasRhqDo2G6ArJxiI
251,130.672,0.285,0.55,0.144,0.524,0.0,0.24,-4.822,0.0327,01IyLgH29kt46qu8hdwf8G
252,129.2,0.422,0.527,0.00947,0.864,0.00599,0.207,-3.115,0.0499,01J6iy59nDgDoEd0nhqgcu
253,99.967,0.151,0.649,0.274,0.478,0.0,0.176,-7.503,0.0481,01JPQ87UHeGysPVwTqMJHK
254,133.012,0.432,0.63,0.0787,0.656,0.000906,0.0953,-6.423,0.0276,01JkrDSrakX5UO5knhpKNA
255,121.019,0.961,0.689,0.0816,0.874,0.129,0.272,-5.275,0.0464,01K42inuuCqOB731ugiQAd
256,175.961,0.458,0.497,0.158,0.775,0.0158,0.0947,-7.501,0.0388,01K6kyjFztsYlLXJJqhYMG
257,67.489,0.0576,0.523,0.766,0.167,0.00382,0.109,-12.635,0.0428,01KMvi0pMQlOi9Q44NM6zv
258,116.979,0.884,0.832,0.187,0.936,4.62e-06,0.226,-1.157,0.0556,01KUSiNy65C6ocj2SXmy3f
259,139.929,0.573,0.475,0.444,0.593,0.00405,0.168,-8.442,0.168,01KarOgeNS6VHlFl0V2pfE
260,121.64,0.492,0.646,0.0394,0.896,0.0,0.094,-7.25,0.0406,01Ky6b4MlAF9BoGlrmzioG
261,130.157,0.4,0.617,0.000451,0.819,0.0,0.298,-5.995,0.0651,01LG03ulzBYe08hpur6458
262,118.026,0.303,0.896,0.00169,0.424,0.514,0.0426,-9.275,0.0874,01LIx0lWmJR5z7Dfj0Q98J
263,110.08,0.269,0.797,0.375,0.53,0.0048,0.0955,-3.802,0.0737,01LSU6meTykNfXu66aBTvZ
264,189.989,0.933,0.48,0.485,0.411,9.86e-06,0.0947,-9.85,0.128,01Lr5Ka1mJxTwDQcG46ZMz
265,100.035,0.18,0.492,0.204,0.606,0.0,0.079,-7.37,0.0897,01LvW0zaXBYjEARfpIc6o5
266,109.993,0.79,0.71,0.517,0.857,0.0,0.072,-2.801,0.0445,01M85JZm3JMyHrWzvkfO5X
267,124.055,0.923,0.697,0.0503,0.87,7.23e-05,0.267,-3.644,0.0706,01MhW3mxsCg2Jrz6HNOZUA
268,117.884,0.341,0.602,0.47,0.661,0.00393,0.146,-8.615,0.0631,01N1T689bhEHqXWs3ZMZcO
269,97.989,0.613,0.612,0.55,0.649,0.000862,0.0858,-7.101,0.0312,01NRpu9CeEx4DqiDjG20PA
270,107.915,0.248,0.416,0.706,0.337,0.0,0.371,-14.42,0.094,01O2sFXHb72XiXRyOFlkI7
271,74.997,0.385,0.587,0.132,0.393,0.0,0.127,-8.358,0.0237,01O6M2ZmStZP1cMjcHZbIl
272,129.916,0.104,0.405,0.558,0.445,0.0,0.0941,-5.193,0.0284,01OLlgq5jPCVMyb1e9CRSN
273,149.968,0.663,0.639,0.342,0.815,0.0,0.267,-4.681,0.0502,01OY3KiA5fPHmIUBcq7Tgr
274,159.949,0.619,0.495,0.114,0.639,1.71e-06,0.065,-6.455,0.0313,01OfqZWylm32K9svvmCcLx
275,120.98,0.926,0.893,0.399,0.591,0.0,0.192,-6.903,0.0533,01P7I0Px0O2XBlg9CTwBr6
276,155.059,0.22,0.42,0.0941,0.771,2.86e-06,0.293,-4.973,0.0565,01PHwtyIkZWpnghPOh1O6u
277,97.986,0.362,0.798,0.458,0.434,0.0,0.0571,-8.844,0.263,01PLa3LP9WfuAKr3mBRnY4
278,85.002,0.483,0.803,0.994,0.0751,0.873,0.119,-17.56,0.0727,01PNBPhHiAM0zBJimiFCRz
279,170.022,0.286,0.228,0.83,0.271,0.0,0.194,-8.161,0.0336,01PZqWOV9nydrapsIxe5nq
280,98.77,0.82,0.535,0.346,0.862,0.0,0.0908,-6.64,0.0718,01PeK7FCO6ExG6ZrrL9aBx
281,141.055,0.437,0.777,0.0276,0.537,1.56e-05,0.146,-9.862,0.151,01Q2cFQT8zvty6XvYQOpoG
282,185.326,0.532,0.485,0.508,0.333,0.0,0.119,-5.699,0.0373,01Q8rdgmrwACRpNxDumRWJ
283,75.237,0.308,0.323,0.978,0.105,0.00103,0.107,-12.183,0.0402,01RDEYV52M6CFv9xqgl0D7
284,84.681,0.631,0.275,0.276,0.815,0.00718,0.0778,-5.551,0.171,01SQkj1DNUpVJmrd505kUY
285,178.557,0.647,0.343,0.00172,0.885,0.00992,0.495,-5.044,0.393,01ShR27k9q9BImUdtewPNl
286,115.204,0.615,0.56,0.00144,0.928,0.00295,0.318,-4.594,0.0559,01T0Kq5YOIRF9BQRXJsyfe
287,182.279,0.211,0.292,0.629,0.406,4.1e-05,0.189,-10.515,0.0341,01TdlwFBNijaI4AVNPV4bQ
288,87.944,0.516,0.736,0.406,0.64,0.0713,0.32,-7.588,0.0974,01U0IGIgfoYhduXrEjLZFz
289,119.991,0.391,0.655,0.579,0.559,0.0,0.108,-6.599,0.0396,01UwmN3S6gOBFsmofgvwK8
290,144.08,0.153,0.275,0.147,0.777,0.00882,0.203,-5.784,0.197,01VCxWHhR8dwnTPomGLAcU
291,120.009,0.577,0.756,0.17,0.681,0.144,0.381,-5.649,0.0309,01VEpM38d3fcWZddfuYWOv
292,160.041,0.631,0.481,0.000963,0.885,7.94e-05,0.444,-5.041,0.0422,01VXGDL8Ox3SWmvM8ZyvSB
293,102.057,0.619,0.699,0.762,0.605,0.000786,0.117,-9.507,0.134,01Vc4fbQr07AD9oi0EJBSM
294,180.079,0.431,0.366,3.91e-05,0.952,0.00104,0.379,-3.082,0.0787,01W5V5ldcR16YA7ZVHFLSH
295,127.751,0.398,0.426,0.00732,0.86,0.715,0.325,-4.644,0.0551,01WHfmQRq5McALREakTSgM
296,102.474,0.255,0.488,4.42e-05,0.986,0.929,0.449,-4.153,0.251,01WNsmKswRHGMKQiEV6XWT
297,103.026,0.432,0.583,0.541,0.633,0.0,0.769,-5.517,0.0287,01WbKbstEeqV9OY2JMFQe4
298,137.825,0.282,0.452,0.0111,0.794,0.00182,0.416,-5.151,0.0483,01XFgRZfZI7oBagNf1Loml
299,130.006,0.967,0.803,0.119,0.742,0.0,0.0708,-6.352,0.0799,01XRT4EllUP5ZGlCZnDvhk
300,132.006,0.711,0.68,0.0676,0.764,0.0,0.52,-6.58,0.0271,01YATtuCieeRdngHF1y7p2
301,87.636,0.324,0.404,0.893,0.174,0.0,0.0977,-10.192,0.0312,01YEqVPCm0vqRLA9w43bic
302,129.987,0.965,0.786,0.248,0.79,0.0,0.0676,-3.077,0.0979,01YF5yNYziZUHqE6ZTEQMk
303,97.937,0.792,0.688,0.059,0.772,0.0,0.125,-8.213,0.131,01YQ0rRccEdPwlIHO8u7SD
304,119.431,0.51,0.321,0.318,0.695,0.0,0.0577,-4.243,0.0321,01YdZa8tWaBJobj1b06V04
305,113.993,0.381,0.573,0.00454,0.749,5.06e-06,0.101,-6.401,0.0383,01YsZWbUZn59NrY2up3X1G
306,98.015,0.763,0.869,0.0654,0.624,8.3e-05,0.172,-6.667,0.0844,01ZEhzcrkUgtTBRjY3GKfC
307,154.321,0.674,0.491,0.658,0.615,0.508,0.0646,-10.103,0.0451,01ZHSlq8gRZ8X7xIEACzTf
308,89.987,0.577,0.576,0.0525,0.776,0.0,0.126,-4.975,0.0641,01ZUF4XyiuxdFWhtz134JR
309,158.028,0.523,0.493,0.00507,0.843,0.0,0.13,-5.924,0.0707,01ZepwW5W3Z4fwl4bzaHyY
310,140.483,0.964,0.621,0.581,0.565,0.0,0.133,-9.483,0.0682,01ZjW579VoBnwGIpSYQRse
311,141.862,0.294,0.445,0.371,0.473,0.0,0.117,-8.333,0.0272,01ZpFt0Zd1liPJUDqEJPib
312,105.002,0.189,0.585,0.00363,0.649,0.0,0.3,-4.774,0.0264,01ZslKM941Tz4E1fMkfZEh
313,138.193,0.575,0.48,0.0979,0.865,3.32e-06,0.123,-5.441,0.228,01apQz7E72krU1k1b4VWs7
314,137.936,0.269,0.501,0.339,0.488,0.0,0.114,-7.449,0.0304,01ayCEbv8Th8WwcfRBex2C
315,109.981,0.478,0.76,0.474,0.558,0.0,0.152,-7.538,0.0477,01bEpdG1KZdaUZt3t1WH8Z
316,87.987,0.757,0.809,0.102,0.553,0.0,0.0876,-6.247,0.0316,01bblmtklaTKUqHE9DqGuV
317,114.037,0.29,0.755,0.264,0.522,0.0,0.12,-5.901,0.0307,01bnqaE6nQogjdMMrrL1dj
318,74.966,0.783,0.754,0.132,0.648,0.0,0.127,-6.203,0.143,01brtjzSA4A2scnC8NWgt0
319,112.435,0.924,0.585,0.11,0.533,0.00212,0.377,-11.101,0.0417,01coR52VHa06J1DnMkls29
320,100.033,0.77,0.626,0.0271,0.829,0.000835,0.0769,-5.467,0.0375,01d1xDpVNB2xQKlEA2ZTps
321,174.816,0.402,0.55,0.00298,0.87,0.000504,0.103,-11.225,0.151,01dRE9kLOnIcYYSwJTqgHH
322,114.941,0.674,0.779,0.248,0.389,5.13e-06,0.0641,-6.278,0.0312,01dVdmSV7eaVgRzUAi6o13
323,117.956,0.231,0.614,0.0849,0.715,0.000316,0.102,-6.451,0.0445,01e8dGbulrphX8j3fZDQYk
324,128.035,0.162,0.589,0.000587,0.979,0.0673,0.358,-3.947,0.0878,01ernMIZmczJ6N35O5oQTq
325,116.515,0.221,0.543,0.000459,0.946,0.000259,0.108,-3.888,0.0391,01fL0TINslnHzUa9dfQr8g
326,87.958,0.725,0.778,0.2,0.656,0.0,0.106,-5.545,0.243,01g7gtqIi6oTWmZgUOHnq8
327,119.973,0.382,0.51,0.135,0.398,3.78e-06,0.0634,-8.75,0.0558,01gNiOqg8u7vT90uVgOVmz
328,94.746,0.203,0.342,0.87,0.249,5.09e-05,0.152,-11.812,0.0277,01hJnhpAmjzg85Etnz2ECH
329,114.915,0.118,0.557,0.2,0.816,0.0,0.201,-7.08,0.0728,01iTAtINYWxSFcbFA4jD4p
330,94.38,0.601,0.619,0.0257,0.938,1.39e-05,0.128,-5.245,0.35,01iyINEYgPQ7ThMZuHUsqS
331,150.051,0.112,0.44,0.0911,0.718,5.36e-05,0.159,-7.119,0.057,01jOQLIwqOwMvZVqqxzYht
332,127.547,0.76,0.586,0.0287,0.679,0.000217,0.0897,-6.714,0.0303,01jOnfF6OMQx2ZgC3nKi3o
333,126.026,0.894,0.847,0.112,0.603,0.0283,0.249,-6.763,0.039,01kWL1mMqJ7yGxv9dHg4xB
334,121.033,0.974,0.844,0.62,0.639,0.0,0.46,-4.461,0.0437,01ksPzu3Bw8Lsf9o6xIk8C
335,119.983,0.357,0.709,0.201,0.715,0.0828,0.104,-8.412,0.0335,01l71wtUnRdmzwOQznlmg3
336,183.917,0.972,0.558,0.0781,0.798,0.217,0.12,-7.509,0.0465,01l8WMi2md7b1CARRHGfxH
337,90.016,0.958,0.76,0.735,0.575,0.0,0.24,-3.672,0.0416,01mSLUmLjIeGP5TrmL8nXl
338,91.995,0.697,0.85,0.514,0.717,0.0,0.148,-4.786,0.437,01mlfrIBozItOaXOG5Fgls
339,125.02,0.682,0.715,0.235,0.675,0.623,0.11,-6.233,0.0389,01mrbUBGv7vJIflqcpdHGX
340,73.001,0.396,0.566,0.883,0.282,0.000127,0.0672,-10.886,0.0342,01n5Gzf6NE3IFqjWqkpgCv
341,96.993,0.268,0.501,0.137,0.877,0.0,0.309,-6.369,0.0484,01nkjRsgpYwtbH94l7y4cg
342,177.013,0.386,0.557,0.926,0.123,0.927,0.162,-20.695,0.0746,01oCWVu7TA5UG19MfwYxZP
343,84.396,0.97,0.812,0.767,0.851,2.88e-05,0.0509,-4.687,0.0613,01oEJevCPJi7kNekR0nG7h
344,105.096,0.373,0.659,0.000414,0.709,0.0,0.158,-5.712,0.071,01opyHvH01jYVd8zWeQSgQ
345,148.038,0.699,0.646,0.87,0.307,1.11e-05,0.355,-11.536,0.181,01pf3ZvbujF32I1Qm7GUKJ
346,119.986,0.971,0.771,0.058,0.884,0.0,0.324,-3.443,0.0374,01qQkY4yS4n10tug0Re7kd
347,174.947,0.446,0.379,0.000507,0.948,0.00669,0.208,-2.624,0.0696,01qfmGPqmz2nWuM22YxdC5
348,176.728,0.262,0.218,0.528,0.5,0.000769,0.964,-7.766,0.0338,01rHEZ8jtdEjYyP78K6F5T
349,83.477,0.49,0.691,0.0275,0.455,0.00212,0.158,-9.825,0.0878,01rUUD0O6IcIy6sTd8gQkX
350,165.963,0.308,0.46,0.59,0.481,0.0,0.148,-7.697,0.0322,01rUqOzttbD5suGJdTtUtz
351,95.989,0.184,0.518,0.0414,0.486,0.502,0.0663,-6.995,0.025,01rbWMfV06IIAKhm05NKPI
352,85.794,0.361,0.515,0.256,0.806,0.0,0.0789,-5.247,0.132,01ryv8tqj6gZnGb18srxk7
353,126.862,0.562,0.649,0.246,0.593,5.38e-05,0.278,-3.202,0.0317,01rzqgRE3bImDHZFwSBakq
354,164.435,0.452,0.479,0.199,0.662,3.94e-06,0.109,-7.241,0.103,01tHOHeBwam4SA8h47hUdd
355,109.008,0.347,0.657,0.0491,0.633,0.0,0.103,-5.508,0.0259,01u7qKInOoy8IFudrraGOy
356,98.147,0.83,0.755,0.15,0.764,4.47e-06,0.169,-5.926,0.0365,01uW127xUIODHI9dBBwH0r
357,159.732,0.425,0.344,0.00389,0.842,0.0,0.285,-5.871,0.0602,01uhrXb8QsuIs1HizoqxdJ
358,84.958,0.299,0.688,0.716,0.473,4.46e-05,0.104,-9.059,0.167,01uqI4H13Gsd8Lyl1EYd8H
359,92.015,0.337,0.76,0.316,0.478,5.11e-05,0.142,-8.569,0.0669,01usRSTDQuDrNaSijW3lPa
360,62.152,0.317,0.378,0.928,0.0177,3.72e-05,0.091,-24.726,0.0401,01uwmQU4sbcMnFwklgKMVc
361,90.003,0.907,0.789,0.155,0.828,0.000175,0.297,-4.506,0.103,01v8z4UX3rU3cBuBjg5IsB
362,134.062,0.468,0.811,0.673,0.681,0.0,0.636,-4.715,0.0712,01vHGJRvJ6EZW9KO8NtZpi
363,128.06,0.822,0.749,0.243,0.831,0.0,0.322,-5.309,0.0734,01vWrOtEdzlQorEhifVUo3
364,92.565,0.41,0.285,9.95e-05,0.9,6.29e-06,0.113,-5.015,0.145,01vgFcfgUXeFJwErbindxn
365,150.094,0.37,0.803,0.0558,0.331,0.0,0.116,-10.96,0.404,01wBU8gh3tybWjn93SHIJN
366,85.525,0.109,0.38,0.982,0.0375,0.907,0.115,-22.308,0.0513,01wCETlTDSBVLA0lie5ELb
367,90.147,0.507,0.682,0.385,0.717,0.0,0.152,-3.682,0.246,01wKeKPgYxdPYA8rfMveYc
368,80.518,0.766,0.772,0.0262,0.8,0.0,0.569,-5.056,0.277,01wOH4Sfuf64n0iwdhZ7bT
369,123.006,0.166,0.709,0.0232,0.757,0.335,0.0791,-6.064,0.0356,01wpPOPqQ3XyS6hBN00HfK
370,143.963,0.115,0.391,0.000449,0.784,1.9e-06,0.154,-4.187,0.0415,01xkQzVpWPMK69QKETIIHC
371,171.937,0.31,0.541,0.836,0.318,1.22e-06,0.115,-10.762,0.0453,01yXBrB0ddIzRaIfGk3ZrG
372,81.175,0.264,0.432,0.698,0.486,0.0633,0.0834,-11.056,0.0985,01ycChBaynB27CSzlbbbvJ
373,117.995,0.453,0.871,0.577,0.435,0.219,0.332,-13.72,0.183,01zCef7kCjUHwLUyByzt1K
374,143.992,0.662,0.709,0.176,0.923,0.0,0.065,-2.449,0.248,01zPnSlKCw9WLbY0kvNep0
375,87.742,0.124,0.348,0.93,0.156,0.0,0.3,-12.199,0.0298,020Ohot9SjRn54rpPwqVYn
376,149.74,0.144,0.216,0.000122,0.697,0.931,0.443,-6.64,0.0401,020Ur4viDDscjoH9IvpHRE
377,116.876,0.0601,0.53,0.564,0.361,0.561,0.0966,-11.858,0.0313,020YsiW7gnBiqTAmEg7eTc
378,198.972,0.496,0.402,0.147,0.7,0.0,0.0992,-4.613,0.0348,020b0QxseQbcMTPKV49qRm
379,144.987,0.374,0.486,0.000676,0.973,0.0,0.145,-4.161,0.104,021C5AyF13a0czo2b2FudS
380,122.983,0.557,0.562,0.226,0.858,0.0,0.363,-7.57,0.0529,022RWFPKQlioYu49mzBmgh
381,90.007,0.69,0.766,0.00424,0.635,0.000541,0.0694,-6.56,0.206,022XkmKDWINlToTJXzZfBJ
382,107.185,0.338,0.268,0.62,0.217,0.785,0.116,-23.854,0.091,022b5KP2xqjy8LuS798skH
383,164.543,0.576,0.41,0.175,0.621,0.0,0.915,-8.465,0.0366,022nJwdqNEHRazWpp55bWa
384,79.0,0.184,0.563,0.145,0.466,0.801,0.123,-9.656,0.0282,023DWrHHWSjXF7cBJLFu4s
385,65.261,0.223,0.284,0.492,0.591,0.000259,0.161,-8.562,0.21,023Jtd3l1gEeWgL1w1m8bt
386,84.904,0.854,0.854,0.646,0.4,3.12e-05,0.0768,-6.511,0.042,023qHxw8IVsjB0KbwCw0mh
387,132.328,0.682,0.599,0.1,0.732,0.0,0.198,-7.802,0.432,024FSyciRrUCd0uBCdxGjW
388,128.023,0.788,0.587,7.62e-05,0.819,0.487,0.336,-7.339,0.0516,024R9UVWckPaGjmDeBFZjN
389,139.918,0.478,0.466,0.0195,0.89,0.0,0.102,-5.844,0.236,024ljgdpzTFaH4IIt5iglw
390,124.504,0.0389,0.555,0.354,0.754,0.62,0.165,-9.667,0.0551,0256GIjttndvzRYpjcJVlG
391,96.04,0.468,0.534,1.56e-05,0.828,0.00062,0.3,-6.055,0.0268,0257i9JD7SWl3E1yoN7uly
392,95.493,0.343,0.403,0.64,0.594,0.0149,0.945,-9.443,0.0323,025G8GdUUwSo3lCgM4Bbk2
393,159.819,0.975,0.721,0.357,0.499,0.867,0.0738,-13.561,0.0769,025UUQA6NowbZynZU3Hv0u
394,133.008,0.0374,0.164,0.0632,0.405,0.912,0.284,-15.022,0.0487,025sQZThwyFTf1GaEC8mdm
395,119.818,0.232,0.325,0.203,0.449,0.000113,0.131,-5.88,0.0337,025ygk5vTSrwobZNk6OM5W
396,120.025,0.0543,0.797,0.444,0.331,0.00676,0.112,-13.505,0.044,026ltHJFIkssDPbXbfgOcS
397,77.766,0.0295,0.186,0.325,0.0614,0.9,0.106,-25.52,0.0529,026o2frENY3jmWHw41pXuo
398,147.048,0.22,0.372,0.624,0.476,0.000501,0.305,-8.137,0.032,027A12hGtFC6sOYVxDA7LN
399,131.68,0.148,0.588,0.452,0.741,0.000106,0.145,-5.48,0.038,027DJzimsjm1M1hflEWLnv
400,159.946,0.604,0.548,0.0579,0.936,0.0,0.167,-5.064,0.0527,028bqM4pwdm2QV29UEVFRm
401,87.458,0.28,0.4,0.0242,0.687,1.53e-05,0.236,-6.481,0.0309,028lsIzliUXufTSEIQi8Sx
402,150.027,0.177,0.589,0.00371,0.595,3.08e-05,0.0795,-6.59,0.0313,029KUF75QSJR8sFMicMSBf
403,144.052,0.158,0.798,0.102,0.553,0.0,0.113,-6.296,0.348,029QP3fFtLaW9B9RKr8DAg
404,80.388,0.473,0.36,0.00323,0.799,0.154,0.186,-5.917,0.0409,029oo7LY6eNeD5dTkTiCxo
405,141.982,0.323,0.55,0.0946,0.529,0.00722,0.106,-7.338,0.0385,02A2Mi0vR68au8FHSX3xmc
406,99.994,0.833,0.784,0.362,0.817,0.000195,0.148,-7.799,0.0348,02AQcuOw1dEOq8iJazZ6nN
407,110.044,0.541,0.643,0.0732,0.891,0.0,0.348,-2.757,0.1,02AThDf6z3YEYObZdqskyB
408,120.638,0.564,0.693,0.506,0.5,0.0,0.109,-4.57,0.0604,02BKhU4mIoXaia5Tim6yPf
409,138.054,0.835,0.574,0.843,0.322,0.778,0.108,-15.271,0.701,02BnIRw7x7JngWXHZXvTDc
410,139.682,0.358,0.375,0.994,0.00406,0.908,0.0842,-31.824,0.0671,02BumRY2OTFMkMxrXSVMat
411,179.892,0.436,0.408,0.514,0.642,0.0105,0.0907,-9.795,0.14,02CLnOe5IdSZKKS1oxWeRZ
412,92.379,0.597,0.51,0.472,0.527,0.0,0.103,-8.707,0.0397,02CPGci789jBYhpFbEiu7P
413,70.013,0.526,0.437,0.0117,0.891,4.72e-05,0.0793,-6.245,0.0357,02CTw5wvqlbna8Wwo3u52x
414,119.998,0.963,0.815,0.113,0.433,0.00345,0.112,-9.641,0.038,02CdafySiW9JoKIXb5RheG
415,76.391,0.343,0.548,0.91,0.0395,0.0,0.331,-16.974,0.0673,02CkdoaCvkxLQhMQkc8Lxc
416,132.041,0.96,0.659,0.00342,0.688,4.88e-05,0.32,-5.448,0.0449,02DDdvA9KjwSbVShx0cvnx
417,219.142,0.619,0.697,0.00873,0.238,0.8,0.122,-4.988,0.0645,02DMwE7XwZASzSph2bsUDf
418,90.502,0.542,0.387,0.0134,0.617,0.0,0.115,-6.277,0.151,02DaqClSJTt95OvsiroP5j
419,79.924,0.469,0.382,0.243,0.905,2.47e-06,0.375,-7.487,0.071,02De82qwN1Wwnsji47Vh3y
420,158.489,0.257,0.329,0.514,0.421,4.7e-06,0.141,-10.26,0.0394,02DknGLIwU3L0USTonqYS1
421,81.874,0.218,0.446,0.0891,0.627,0.162,0.104,-7.82,0.0348,02Dswg2rpYl8HJubTWZHY1
422,100.038,0.314,0.474,3.21e-06,0.875,0.111,0.108,-3.61,0.0382,02E10yVCMKCTDvS3UZPe1b
423,119.035,0.543,0.476,0.000127,0.791,0.826,0.142,-7.021,0.0304,02ECIWbXof8hL5pFRuZsHo
424,149.278,0.235,0.499,0.444,0.497,1.41e-06,0.108,-7.811,0.0449,02Ey48n33H3erWJRZAtTFj
425,102.03,0.157,0.273,0.00184,0.957,3.14e-06,0.124,-2.707,0.132,02F1n2ijbx02hEnhhRk4IV
426,120.008,0.159,0.714,0.00601,0.514,0.845,0.433,-8.994,0.0377,02F9KPDFlxLsEl3Kzqtvxj
427,187.105,0.307,0.295,1.58e-05,0.984,0.207,0.337,-2.405,0.174,02FJIHyzETKUZYdhI6W9aq
428,168.189,0.916,0.691,0.131,0.704,0.0,0.336,-5.182,0.139,02FLC7T2wnnvEf7OIcoY2K
429,131.522,0.0357,0.239,0.00247,0.967,0.69,0.129,-2.662,0.0548,02FPjj5HyCRQMbE3egggh6
430,123.973,0.444,0.605,0.00182,0.717,0.0316,0.262,-3.511,0.0454,02FZ7CS69ZwsLQMngR3rhW
431,116.577,0.195,0.422,0.0583,0.678,0.371,0.301,-10.987,0.0493,02FayRZAhl0inGus2LmdPN
432,175.917,0.886,0.702,0.302,0.896,2.29e-06,0.11,-6.225,0.244,02FoeOLVk0o8HTsbqsOXuC
433,121.998,0.716,0.83,0.000727,0.522,0.877,0.075,-12.324,0.0776,02G42teKnMwPwDFEKUfdct
434,149.48,0.694,0.479,1.51e-05,0.968,0.0408,0.111,-4.698,0.0424,02GBtzxf70cvt8wxxhKnyG
435,109.991,0.109,0.724,0.718,0.418,0.884,0.111,-18.761,0.136,02GCSZWHKNQ82cIjkPkjfE
436,86.358,0.107,0.512,0.848,0.0488,0.0,0.1,-17.018,0.142,02GNxTDR51UHNxpPceqg9P
437,79.999,0.403,0.614,0.266,0.516,0.000247,0.108,-12.343,0.0288,02GqfWbqWcKlItHyN5eaPj
438,143.972,0.886,0.705,0.112,0.762,1.25e-06,0.137,-5.618,0.0369,02GuNQFd8ZUELtUd5yCp4k
439,143.028,0.925,0.633,0.0529,0.805,0.0,0.146,-5.523,0.0329,02HQGyk9aGfleS1epTFtnJ
440,133.302,0.596,0.268,0.465,0.791,0.96,0.105,-7.816,0.147,02HXl2ikXCOiVjySORump5
441,92.067,0.381,0.575,0.0366,0.819,1.7e-06,0.121,-4.723,0.0342,02HZgK5YSCALhTkEw2x1va
442,116.113,0.445,0.523,0.00267,0.882,0.0,0.107,-6.634,0.042,02HdjmfXq1F2OsX6yPg86n
443,115.505,0.699,0.788,0.0506,0.58,0.0,0.0819,-8.368,0.039,02IT7eWGpoW1IUYo4atpQl
444,125.155,0.23,0.426,0.182,0.687,0.0992,0.0943,-8.289,0.0393,02Io6R1p3g7HXae5QoOtxo
445,169.134,0.335,0.19,0.957,0.64,0.924,0.103,-9.609,0.0355,02Ip9LrFx5WT9s8uvE9W9Z
446,108.019,0.427,0.504,0.000437,0.968,0.0,0.225,-3.497,0.0684,02JRozQlGwY7WF1xlw15G0
447,97.99,0.836,0.61,0.724,0.765,0.0,0.802,-5.982,0.0353,02JdnJSwKTE48swaFqschE
448,129.965,0.442,0.795,0.0247,0.706,0.0,0.533,-4.108,0.161,02K3eYdZaSeA8FwroqKLFh
449,129.606,0.182,0.431,0.876,0.286,0.00213,0.111,-15.688,0.0387,02KgB1Qyk4PrFweUMGl9NO
450,175.117,0.427,0.351,0.000361,0.901,0.429,0.114,-5.726,0.0542,02KvuokJ07rUx0ui1urnsD
451,143.024,0.838,0.783,0.837,0.748,0.0,0.189,-6.721,0.115,02KzSuRKrfCNvz7rlN8Es4
452,136.024,0.56,0.747,0.0128,0.705,0.0,0.126,-5.137,0.126,02M6vucOvmRfMxTXDUwRXu
453,128.537,0.539,0.586,0.901,0.248,0.0,0.412,-11.994,0.0601,02MeD5QA5c5i3xftCJeNBc
454,75.997,0.657,0.84,0.0342,0.736,0.0,0.0572,-4.37,0.111,02OBEsgNfL0u9AGDUOIsDU
455,105.036,0.544,0.675,0.57,0.78,0.0,0.166,-4.41,0.104,02OtqoVbJh8fkN4l0XRRcq
456,96.012,0.668,0.853,0.0136,0.846,6.42e-05,0.177,-6.385,0.0949,02P68cJOLqfjp2KjFjcZ6I
457,143.671,0.302,0.442,0.501,0.76,0.0,0.715,-3.186,0.0588,02PFXdSFvYurNrZiDJqwRE
458,122.014,0.558,0.946,0.0101,0.317,0.0902,0.0866,-7.003,0.0597,02PSzrkZRhk5uzwZX5nWdp
459,142.045,0.211,0.443,8.21e-05,0.872,3.37e-06,0.229,-4.205,0.0444,02PTdS9L4BFXOtNvyM1ukF
460,131.94,0.696,0.573,0.341,0.759,0.0,0.105,-6.697,0.157,02PeoO7mPhmwpPmF4DDtWK
461,88.074,0.673,0.532,0.737,0.585,0.0,0.0945,-9.182,0.307,02PiSFhD8wMf9j77Ny9DN6
462,149.927,0.87,0.748,0.0426,0.713,1.73e-06,0.149,-5.444,0.149,02PiwfcW4LuKxhDi3JfH01
463,75.002,0.406,0.723,0.859,0.555,1.45e-06,0.233,-8.357,0.0565,02PtAiRNMCvoxyJ399xrPh
464,67.034,0.158,0.205,0.526,0.288,5.17e-06,0.357,-7.988,0.0307,02QwHNesGgFUpcRBosNdd5
465,97.526,0.332,0.306,0.13,0.904,1.8e-05,0.831,-5.191,0.0788,02RbwOPB3eXKli527ItBSv
466,115.029,0.969,0.89,0.541,0.496,1.6e-05,0.0411,-7.78,0.0473,02RfhYXRY10ltJ8NUobTfD
467,127.0,0.256,0.612,0.00967,0.558,0.0431,0.106,-8.716,0.0292,02RyyMIWxt4scDyUW9pqqP
468,81.663,0.315,0.641,0.938,0.307,0.000145,0.142,-14.554,0.0482,02SKVviRahUrRZGg5Bo7B6
469,165.967,0.622,0.592,0.0743,0.784,0.0,0.0835,-5.684,0.0721,02Tvus8GNFWQDh6bKX9aH8
470,148.001,0.168,0.682,0.00299,0.787,0.738,0.533,-7.486,0.124,02UCSfDqzFyVXqnNfuD8RV
471,97.12,0.0749,0.393,0.857,0.445,0.92,0.115,-11.317,0.0565,02UWMtrjz8xgBUoEjkb87H
472,75.318,0.331,0.517,0.912,0.301,0.0,0.92,-12.007,0.705,02UfBmMerddIN9u4AF7srK
473,120.049,0.282,0.637,0.0228,0.948,0.782,0.42,-6.362,0.119,02V2PwXfovnT03QPHpp1SF
474,142.002,0.335,0.538,0.77,0.362,0.000373,0.176,-7.954,0.0287,02W1lIY3cXTXe6bvs8q1wg
475,120.018,0.698,0.834,0.0332,0.914,0.000446,0.16,-4.943,0.179,02WoLGIvd37ac8B305j2E8
476,110.109,0.798,0.964,0.776,0.169,0.0604,0.0783,-20.19,0.17,02WpCYOVHVRDPhbkiswGmQ
477,160.02,0.404,0.701,0.135,0.397,0.0018,0.142,-11.46,0.0322,02Wrv3xXzkJW2yJn1Fj7NT
478,108.239,0.0731,0.161,0.761,0.275,0.979,0.138,-15.743,0.0326,02X4tgIh2nGuyj2ic0Wuwz
479,102.996,0.424,0.781,0.19,0.651,0.702,0.0594,-8.802,0.0432,02X86Z19XydyPqKpGLyOdM
480,128.001,0.262,0.514,0.0382,0.803,0.0,0.0899,-6.415,0.0495,02X93AUKXP7FPJBPckqgGu
481,105.863,0.383,0.475,0.441,0.467,0.0,0.669,-9.777,0.028,02XMnHsxaYVhASTmMkIbj1
482,145.461,0.308,0.541,0.743,0.352,0.0,0.286,-7.969,0.0312,02XjhdLBr7kZjJSDFpgEM8
483,121.516,0.722,0.511,0.0818,0.857,0.0,0.473,-7.54,0.0402,02Y5MRZD7AsElSRxsQtQzw
484,130.03,0.403,0.918,0.831,0.151,0.139,0.17,-14.89,0.125,02YDfWUofZcgReuqaTe1jy
485,168.219,0.237,0.518,0.31,0.217,0.0096,0.0682,-14.02,0.0479,02YWpfMAUVTvsbhu3QO9fM
486,121.566,0.36,0.273,5.65e-06,0.984,0.00363,0.0842,-1.263,0.0597,02YbvgsXapCh9MLTrU11Ts
487,97.501,0.0509,0.431,0.00121,0.942,0.00047,0.0962,-3.544,0.0753,02YvSxohNvYp7vDFX3yjsR
488,121.995,0.741,0.862,0.0158,0.51,0.867,0.111,-10.126,0.0668,02Z0VLPtDgMQeLsZcg7qVU
489,128.993,0.399,0.428,0.000559,0.896,1.7e-05,0.0934,-5.108,0.0904,02ZHjznxEJR1nR2t8TnzYp
490,149.968,0.209,0.594,0.00507,0.902,0.066,0.248,-4.243,0.0313,02ZoOwRkTMyPX80mArxZRC
491,81.919,0.166,0.615,0.0261,0.484,0.0,0.0795,-6.9,0.132,02a0r6xXpwreBfkezAUrcK
492,174.272,0.199,0.298,0.851,0.407,0.00792,0.0824,-10.333,0.0293,02aLw97KKhqN6iMqjJntf3
493,95.923,0.133,0.351,0.00799,0.621,0.00355,0.355,-7.492,0.0311,02bMryG4ZLKreMbXROVuwz
494,157.473,0.186,0.474,0.938,0.151,0.00278,0.0964,-11.751,0.0354,02cCntRCrtgojL45e9oNnu
495,133.042,0.405,0.489,0.858,0.527,0.801,0.102,-12.412,0.033,02cYwueSCT1ERcR36juRih
496,81.159,0.294,0.34,0.349,0.308,0.00021,0.112,-9.033,0.0341,02ckSWja0a1uutSiZ2enQG
497,147.806,0.398,0.497,0.891,0.26,0.371,0.0736,-13.403,0.0274,02d7m51SjPVO2RU8i1sgwN
498,128.013,0.792,0.801,0.14,0.621,1.27e-05,0.117,-7.145,0.0383,02dWFvn89e04wzUBdT0K40
499,134.654,0.469,0.555,0.852,0.309,0.0,0.121,-9.394,0.0337,02dcOQGdOgZyErpbJT4hr5
500,75.276,0.0707,0.331,0.804,0.331,0.000154,0.94,-9.448,0.0373,02dkASvbYEmzTeN3nAeQqC
501,122.647,0.949,0.734,0.451,0.835,1.42e-05,0.472,-3.078,0.0304,02eE0n3o3SJBqjW8UBWpVG
502,130.021,0.255,0.568,0.843,0.49,0.33,0.535,-9.175,0.0291,02fBFDWJa1IbDAPbab0i3S
503,140.072,0.125,0.421,0.0207,0.847,0.0133,0.275,-5.141,0.051,02gIPDHCTuKgKEl2VlgPzt
504,164.075,0.486,0.472,0.601,0.708,0.0,0.111,-5.703,0.186,02gShJ5KSPODMuAxJVB2KO
505,104.984,0.751,0.707,0.632,0.706,1.9e-06,0.0795,-2.855,0.0262,02gifbHrxakrPqKJM5H3TV
506,128.018,0.421,0.533,0.0143,0.936,0.721,0.0622,-4.626,0.0447,02hAUjeZHXJSIIJdX4Esmb
507,140.92,0.935,0.708,0.0279,0.833,0.0,0.224,-7.179,0.069,02iWm5ssVqphn74ivMTDuc
508,80.331,0.0445,0.322,0.976,0.121,0.975,0.0862,-18.148,0.0321,02ienCgIcV7cAqTp9hNr4k
509,160.036,0.358,0.223,0.00216,0.802,0.277,0.091,-7.893,0.0581,02iqnwTKqgdRrh7a282t4k
510,170.021,0.363,0.565,0.906,0.38,4.71e-05,0.103,-11.729,0.0562,02jBwNPQHUWgxxAhIlOulA
511,107.992,0.481,0.639,0.0247,0.652,0.0,0.354,-5.484,0.0283,02jUeKiYA8VQLxnHtfxjN4
512,117.635,0.128,0.364,0.339,0.516,0.287,0.105,-8.872,0.0347,02jXZfT8IjNmdrKbnHBq1J
513,97.004,0.595,0.682,0.0241,0.867,1.32e-06,0.329,-3.122,0.0292,02jYQ47eGc0Dm9JiOcLBJ7
514,163.676,0.212,0.354,1.35e-05,0.735,0.583,0.307,-6.067,0.0387,02mR2D5tNN6Eb7qCspf0Hj
515,48.259,0.517,0.423,0.487,0.748,1.86e-05,0.202,-5.156,0.0995,02mU7IwxTcZO1BsSYDZmSQ
516,125.044,0.647,0.708,0.27,0.535,0.0325,0.0983,-8.509,0.0375,02mVXsWzAZjgwocPPAHSOE
517,172.028,0.717,0.56,0.849,0.445,0.885,0.061,-13.73,0.033,02miQFNM76qcOLSzv2bJMa
518,182.03,0.595,0.448,0.018,0.674,7.2e-05,0.0901,-5.289,0.0254,02mlmIWiUxr2fAQQUE8Avw
519,114.349,0.588,0.456,0.234,0.737,0.0,0.978,-4.585,0.03,02mmkus3iztD6SV8jhUAQn
520,74.984,0.332,0.535,0.876,0.26,1.71e-06,0.138,-7.962,0.0262,02n13KhxJNPPY2YRETcguj
521,155.975,0.548,0.562,0.0254,0.732,9.74e-05,0.0787,-6.855,0.03,02o9dWnFKipYEcFbd7Kaj9
522,120.066,0.721,0.769,0.0778,0.825,0.0,0.119,-4.283,0.193,02oS4EwEsqUfEpcNDwAbTM
523,170.861,0.218,0.442,0.191,0.684,0.0,0.0725,-4.888,0.168,02opp1cycqiFNDpLd2o1J3
524,135.079,0.763,0.502,0.00207,0.9,0.0,0.198,-3.936,0.0491,02pxeYqVDzOnHwzFXx8MNR
525,170.53,0.444,0.396,0.817,0.257,0.00417,0.101,-12.679,0.0353,02q3kEgng0D3vL2Y8ONVRw
526,94.978,0.897,0.687,0.154,0.873,0.0,0.12,-5.01,0.14,02q7As6vetjqpk8QfDS7wM
527,129.165,0.525,0.65,0.15,0.712,0.0,0.867,-6.719,0.0293,02qSM1e1nVOzb49IyoJCDb
528,97.013,0.897,0.729,0.302,0.808,0.0,0.128,-2.811,0.0478,02qU93FA1l6w6ClEOsq8Es
529,161.964,0.0704,0.338,0.00172,0.645,0.00094,0.121,-6.962,0.0316,02qVj9sW2Zz8mhklaIrDRI
530,106.993,0.0485,0.589,0.0784,0.603,0.876,0.104,-12.756,0.0377,02qaPvngBKTnUrNOx3v7Mq
531,165.96,0.69,0.705,0.17,0.643,0.0,0.234,-5.309,0.123,02qoqHv29LQCBw1mymxlY5
532,123.982,0.13,0.542,0.00226,0.728,0.00242,0.236,-4.22,0.0383,02r2uE8nEHpJAvFFttQxqh
533,164.033,0.972,0.814,0.284,0.924,0.00056,0.0503,-5.656,0.0613,02rAGLtevPpVzDAfA0xchb
534,176.021,0.548,0.633,0.29,0.743,0.00696,0.0629,-8.029,0.0362,02sas1xqIwRm7iWSoHDvKe
535,110.182,0.48,0.698,0.128,0.89,0.571,0.391,-5.519,0.224,02tnd3kkSmhfYwjY1Ka3cq
536,89.998,0.344,0.539,0.109,0.652,0.000175,0.333,-5.824,0.107,02uFtu7UyNAmZPyZvbEV8P
537,118.976,0.626,0.742,0.149,0.736,0.0,0.318,-4.002,0.0348,02uRCMxwVsADO15u8DSIFR
538,84.045,0.233,0.339,0.515,0.362,4.84e-05,0.0485,-15.186,0.0383,02uXMieKvvoIHTot6uLHKr
539,139.933,0.355,0.5,0.0788,0.549,0.0,0.121,-6.571,0.365,02ucbv2N7O5RqtNucsaibg
540,132.977,0.512,0.72,0.0334,0.892,0.000256,0.0516,-2.36,0.0556,02uezqHLwcXf3ufiThKJIm
541,130.025,0.865,0.917,0.38,0.338,0.0,0.0903,-8.088,0.0535,02ukaWktkG0yGPyYo0yiYF
542,160.037,0.489,0.488,0.0131,0.84,0.824,0.0873,-5.24,0.0301,02v81HQA1yS0DSZ4dw3YzF
543,131.153,0.516,0.814,0.746,0.206,0.0,0.0976,-14.698,0.0428,02vEcguZ2EOaPgFR9sxhoW
544,120.008,0.417,0.459,0.0876,0.93,0.812,0.264,-3.933,0.0598,02vb7wBEKwL6ibjUyYxvBY
545,82.971,0.647,0.597,0.337,0.262,0.0432,0.156,-11.523,0.107,02vhlFkPd0QrUvjdSIylib
546,148.013,0.337,0.538,0.00907,0.495,0.0,0.111,-7.211,0.0278,02wIS2Kt8hiL7KrSND7usU
547,173.885,0.576,0.401,0.000323,0.921,1.28e-06,0.103,-2.882,0.0578,02wMbcSzi98ahUnVqqaSXk
548,149.716,0.301,0.231,3.82e-05,0.991,0.481,0.779,-4.075,0.162,02wl7iFYLiTUcE8DVk72OQ
549,154.149,0.634,0.599,0.0713,0.74,0.00022,0.464,-8.453,0.0729,02woIwq9GpKIDH6tMACUcH
550,111.661,0.16,0.4,0.786,0.398,3.47e-06,0.333,-6.038,0.0385,02yD6Wmpx5kLAoXLQOnuEb
551,124.746,0.248,0.469,0.0566,0.664,1.58e-06,0.482,-7.16,0.121,02yRHV9Cgk8CUS2fx9lKVC
552,126.085,0.961,0.567,0.741,0.81,0.0,0.101,-7.269,0.112,02ypZRUd6ryODvcLsl7omG
553,129.97,0.196,0.573,0.488,0.466,0.814,0.104,-7.275,0.0299,02zIddEu5KR0z4riBzHJU4
554,83.668,0.161,0.434,0.644,0.496,0.652,0.127,-11.199,0.0488,02zUl7lBXXNJk7JGu9YIId
555,84.7,0.184,0.371,0.649,0.582,2.52e-05,0.208,-6.763,0.0299,030wjYcuoy5olfQG4aTFSj
556,139.997,0.204,0.453,0.000321,0.959,0.14,0.132,-6.121,0.119,031uTUhyy6xmDJqmeWJBi9
557,132.313,0.416,0.368,5.45e-05,0.615,0.108,0.112,-7.027,0.0335,0326iF9YE7ED8XE1q1wgPl
558,159.987,0.638,0.455,0.094,0.978,0.000239,0.273,-1.861,0.195,032BHbzqmtBi4P5swU0YFd
559,127.981,0.318,0.439,0.000474,0.836,0.738,0.111,-5.864,0.0689,032QjNqvrxC17TBxvLMH2S
560,180.572,0.539,0.427,0.0314,0.718,0.000176,0.0784,-8.709,0.32,032UnpKLIp5ih18SsZKwB7
561,149.929,0.436,0.638,0.666,0.885,9.89e-05,0.155,-4.353,0.259,0332p5aiaQ6vyomilcGSy4
562,151.798,0.548,0.669,0.394,0.488,0.000649,0.0952,-4.711,0.326,0336UwEBwBBao8uWCuugYr
563,95.057,0.871,0.888,0.317,0.625,0.0,0.0963,-4.896,0.154,034PlGGQrLQexMOGTvsQDw
564,147.855,0.175,0.606,0.00255,0.659,0.0,0.0763,-5.823,0.113,034xAB2vQuUekaAIHqR9CY
565,129.99,0.926,0.882,0.0475,0.562,0.374,0.0338,-7.67,0.0368,035Ag6mdG1EWFZvgdnK8lK
566,105.013,0.528,0.74,0.211,0.51,0.00951,0.0825,-7.477,0.0242,035QPHPAcqApSGMMcogT45
567,113.233,0.196,0.563,0.73,0.18,0.0,0.103,-11.439,0.0359,035guKHan7qj7pnRZ5uLIA
568,119.977,0.601,0.88,0.0688,0.748,4e-06,0.0801,-5.605,0.247,0362SHfDTYXjWFVa8PPY7I
569,118.024,0.93,0.71,0.039,0.925,0.0,0.127,-3.329,0.0359,036GQb6SETOJJG8BxJTNxc
570,150.182,0.361,0.637,0.0315,0.746,0.0,0.21,-4.937,0.104,036PiJFVPpA4Q3BRAVueOc
571,81.876,0.339,0.414,0.0366,0.808,0.0,0.283,-5.216,0.322,036X5f2KQy1v5Cm35I35SP
572,110.129,0.882,0.718,0.375,0.981,0.0,0.0624,-1.389,0.0772,036jkW6pG9ibsGNkmzKYMu
573,78.831,0.483,0.474,0.0447,0.733,0.0,0.0663,-6.82,0.192,036nr5jRMRlrvtEVvld4lj
574,115.01,0.0946,0.354,0.974,0.0838,0.0137,0.117,-19.267,0.0346,036pGlJwc9ZVFJNLmniSbF
575,72.002,0.302,0.401,0.807,0.891,0.0,0.923,-10.215,0.879,036qHucnn23VHVhmQcLbFh
576,169.98,0.268,0.285,0.000174,0.715,0.00028,0.0949,-5.523,0.0362,036qTWu4dGpjNnTTD4slbK
577,75.667,0.323,0.533,0.0159,0.904,0.0,0.283,-4.741,0.0656,0375PEO6HIwCHx5Y2sowQm
578,74.996,0.144,0.495,0.13,0.625,0.0,0.0996,-5.567,0.0309,037VR14rwRPwnqfgENBok3
579,188.043,0.72,0.476,0.00219,0.88,0.0,0.184,-4.522,0.0597,037fqW4P2XpIzHV7PqWdru
580,117.729,0.787,0.614,0.228,0.498,0.0,0.207,-6.387,0.0389,037hX8PfYfF3edGvQ8VGLT
581,90.015,0.264,0.502,0.665,0.525,0.0,0.459,-6.475,0.0282,037u9C5umoOYx84lhm7EgA
582,110.987,0.326,0.661,0.000154,0.79,0.00103,0.285,-4.996,0.0499,038i5NohIAEOc7eCtoNhBC
583,130.008,0.539,0.577,0.000211,0.947,0.65,0.118,-5.24,0.0423,038tw6XKDY08AXxpIiNbJP
584,115.005,0.128,0.381,0.00334,0.694,0.0246,0.0771,-4.484,0.032,038xvzzYfsTElwXGSw6Cmz
585,111.957,0.0716,0.647,0.856,0.512,0.0,0.134,-8.479,0.0381,039NLDI1UZZlXtLB0Kog6W
586,186.117,0.423,0.475,0.00235,0.895,0.0,0.191,-5.026,0.069,03AFsaMpbotuJSfloaPEPH
587,127.581,0.828,0.554,0.0777,0.763,1.42e-06,0.145,-6.521,0.177,03ATKw97s9WHuek1TKmhVq
588,161.795,0.947,0.595,0.159,0.95,1.55e-06,0.323,-6.851,0.0668,03AWIG0lwG8JNbQMPvryAi
589,138.12,0.289,0.771,0.0854,0.522,9.4e-05,0.22,-5.629,0.219,03BB0xEzzKC24Z6zDpZ3QC
590,170.233,0.413,0.304,0.0476,0.963,1.05e-06,0.0992,-4.631,0.451,03BdcMrydCSaBEEhwx5ZDl
591,94.897,0.17,0.36,0.0623,0.622,1.66e-05,0.148,-8.498,0.0442,03BlS72KhozBLB4dXIB3TV
592,130.021,0.102,0.665,0.0371,0.91,0.000487,0.493,-5.289,0.0756,03BpMAiFJ0b9c47Ntt8MRf
593,160.317,0.157,0.299,0.000114,0.964,0.34,0.122,-4.281,0.108,03CG8r5olTTAq241A7CJBu
594,91.036,0.715,0.612,0.468,0.942,0.0,0.656,-3.737,0.0459,03CMkEwTMEgs69w1c9uDdo
595,177.941,0.203,0.301,0.236,0.654,0.0,0.128,-5.892,0.237,03D9dvJvM8hvoZ90babytA
596,77.917,0.689,0.477,0.567,0.464,0.0,0.487,-10.818,0.0272,03DQO1cC5RzTWRxJLzJCgy
597,118.598,0.327,0.462,0.00118,0.81,0.000939,0.347,-7.348,0.0427,03DqdkFte1sPKkvbyL4lLm
598,91.361,1e-05,0.19,0.135,0.635,0.995,0.551,-16.847,0.0669,03E06FTE8LrhTfdOfDBb2q
599,96.005,0.112,0.851,0.0208,0.483,0.0,0.105,-7.783,0.129,03ELrHI2mfPwyi4ctQtvCx
600,90.961,0.361,0.686,0.401,0.619,2.21e-05,0.115,-6.48,0.0399,03EjEWKcukkpK41Q5rbImU
601,122.83,0.175,0.629,0.785,0.296,0.0342,0.107,-15.893,0.0405,03EsCSJFuXNpapjcfYjfBe
602,139.091,0.196,0.281,0.102,0.537,0.297,0.116,-8.147,0.0482,03EsYwfN3RbDhU1kVrfffA
603,179.987,0.398,0.525,0.0337,0.99,0.832,0.128,-5.642,0.0615,03FLIHlDGaWmEeQnnwnnMY
604,114.004,0.127,0.542,0.0337,0.504,0.0,0.152,-9.314,0.0367,03FPFGGmCFCFX9X7vNB3JW
605,104.974,0.431,0.672,0.0601,0.85,3.19e-05,0.117,-4.557,0.0312,03FlSWryOCZxUEsjWezLsf
606,78.929,0.168,0.407,0.0287,0.493,0.0,0.137,-7.324,0.0299,03GSskFw5AAKkwlOfiUMpR
607,106.964,0.385,0.512,0.000585,0.797,0.0,0.0822,-3.821,0.0433,03HKbFZUW8yi1FBRAN0XUV
608,129.924,0.3,0.715,0.67,0.259,0.0,0.11,-10.493,0.035,03HbxaCm8eBHLxbfdRRQ2e
609,90.128,0.112,0.267,0.952,0.409,0.862,0.0991,-14.751,0.0312,03IBiVgBzhNrZSwES3Hyjf
610,99.975,0.403,0.732,0.00579,0.69,0.000115,0.132,-8.352,0.0272,03IhqVajoXFTIuqRu4w1B7
611,143.287,0.883,0.572,0.689,0.456,0.0,0.0651,-11.621,0.0254,03IsQTh85NKrbTrc3MZU48
612,125.009,0.201,0.725,0.153,0.918,0.0328,0.113,-4.912,0.0676,03IxJiB8ZOH9hEQZF5mCNY
613,84.163,0.0436,0.222,0.919,0.308,7.55e-06,0.185,-10.984,0.0359,03IyglkP6tIQiQqiLxzitL
614,162.043,0.646,0.559,0.0619,0.895,0.0,0.298,-4.191,0.177,03JdRoOgM2FUP0HSQSTgKx
615,151.816,0.346,0.621,0.672,0.693,0.0,0.116,-7.637,0.268,03K83Z46K5t8VlhLrh9l6v
616,99.921,0.551,0.692,0.0881,0.754,0.0,0.0564,-6.165,0.101,03KzntGQQeVcP7cVrsgnlr
617,174.983,0.125,0.429,0.338,0.43,1.18e-05,0.138,-11.373,0.165,03L2AoiRbWhvt7BDMx1jUB
618,140.021,0.616,0.789,0.669,0.582,0.86,0.098,-8.466,0.0325,03MAxBmXAY7OmcrcDRrvgp
619,72.498,0.666,0.623,0.247,0.612,1.07e-06,0.776,-4.033,0.039,03MXO9B1815BBSebNVhLlG
620,89.484,0.0748,0.557,0.48,0.312,3.95e-05,0.124,-15.003,0.277,03Mradtcg4Il4gUQJ9LC9V
621,106.982,0.621,0.819,0.384,0.625,0.0,0.0471,-5.211,0.0525,03MxQe4F8TGGZSs4Zyha4b
622,86.551,0.497,0.571,0.914,0.704,0.0,0.838,-7.078,0.944,03NH6AuMwFcGrgsd5tPsyb
623,124.074,0.572,0.527,0.321,0.593,1.22e-06,0.121,-4.924,0.0769,03NMsU02fre2sqTXncIO77
624,126.03,0.326,0.586,0.00134,0.956,0.0908,0.172,-1.378,0.0332,03NWMTX4G4hKikHbH4HxZh
625,137.904,0.577,0.534,0.439,0.874,0.0,0.834,-3.428,0.0539,03NpLUQXzfH1wFMvSiixct
626,154.199,0.283,0.214,0.000188,0.96,0.000208,0.0918,-4.477,0.0896,03OBOXBS7boaUssm1YzLD1
627,141.871,0.248,0.211,0.000496,0.55,0.165,0.316,-7.529,0.0393,03OEgOe59LE43VPCJ3ZB3p
628,75.058,0.264,0.397,0.129,0.734,0.234,0.174,-6.677,0.062,03OeNAtCG0dOi8BnY7LBOs
629,113.999,0.944,0.677,0.18,0.743,6.39e-06,0.233,-6.681,0.0521,03Pe7uTopr6FzZuBBAIYH9
630,126.008,0.781,0.749,0.0486,0.938,0.0,0.284,-2.012,0.166,03Pxkaw3Ddnmh1kw8NshHH
631,82.951,0.803,0.568,0.847,0.184,0.0,0.0971,-16.196,0.23,03Q3SlCVD0bbuClaMXO2Ht
632,95.032,0.896,0.819,0.0413,0.748,0.0,0.0948,-7.04,0.0399,03QV2UiDSXcquQm94Syn4x
633,87.98,0.656,0.455,0.00339,0.911,0.000483,0.566,-4.611,0.059,03QblNa20RzV47y7C2RnOr
634,124.543,0.157,0.696,0.299,0.621,0.267,0.168,-7.474,0.0373,03RENvqJKYdvWUhbuZwJY3
635,99.939,0.534,0.807,0.285,0.757,0.0,0.311,-4.43,0.185,03RNpvzwMGViDHvZKfbNIo
636,112.568,0.961,0.821,0.369,0.933,0.459,0.359,-2.515,0.0429,03RZNxQS4tgclnqCpRf3uv
637,111.864,0.191,0.503,0.655,0.439,0.0,0.0893,-6.879,0.0261,03Rob07c3hWCvXB2WWyolb
638,92.639,0.776,0.495,0.00143,0.65,0.305,0.156,-8.039,0.0571,03RtsVudDuczuf3eDcXrsg
639,139.505,0.438,0.468,0.0874,0.912,1.51e-05,0.128,-6.909,0.448,03S5vMBN07OOnPj1SCMsxV
640,159.989,0.474,0.728,0.323,0.753,0.0,0.058,-6.009,0.397,03SM8FiGSAGDPcUeRYfL6S
641,131.991,0.928,0.784,0.0851,0.67,6.69e-05,0.21,-6.134,0.0405,03SvwiBzJTRHTSpihwVKBj
642,121.985,0.542,0.797,0.0567,0.527,0.797,0.303,-9.855,0.0364,03TbmfJZYulkobXNMzn9aI
643,140.913,0.578,0.815,0.16,0.642,0.00504,0.111,-8.001,0.161,03TwFtM36dliwqTIyyewKO
644,188.067,0.914,0.601,0.449,0.892,0.0,0.913,-6.475,0.0958,03UlQzmQHLb3fnvfhipq0B
645,97.951,0.895,0.677,0.226,0.83,0.0,0.124,-3.515,0.027,03UoyQS4YGyvyLAQNNhZDf
646,82.486,0.125,0.341,0.781,0.299,7.86e-05,0.104,-7.191,0.0284,03WFAhoOVLmynaOBtZcyl7
647,89.931,0.74,0.656,0.703,0.463,0.00183,0.0903,-12.056,0.0507,03WPtWOEHFNI1dqhtVuSQU
648,150.94,0.508,0.478,0.00336,0.946,0.0238,0.345,-3.017,0.0944,03WR6VvEY3EIJklavG72LY
649,78.045,0.375,0.401,0.00369,0.85,0.0,0.149,-2.956,0.0383,03WmeqPnjaBnm4lfwm8v8z
650,118.0,0.285,0.583,0.00115,0.929,0.873,0.164,-5.106,0.198,03X1SHRxnIb2jtjcQx54Et
651,101.033,0.652,0.65,0.15,0.495,0.0,0.0903,-6.86,0.321,03X3YEhpBI3Yl651OdqOCr
652,157.916,0.807,0.613,0.0578,0.766,0.000244,0.155,-5.925,0.0389,03XCbxTcOKkjVZJE6Q4bN1
653,65.977,0.461,0.738,0.445,0.284,0.00129,0.119,-12.0,0.0425,03XjpGGdsIPouALXem2Cku
654,144.938,0.677,0.672,0.14,0.932,0.013,0.219,-4.103,0.256,03Y1WoQHbIsg4WUz30GlNx
655,150.03,0.319,0.418,0.212,0.688,0.00964,0.705,-5.515,0.0265,03YZnK3XQWKpvo9TyNZzXf
656,120.106,0.199,0.547,0.865,0.311,0.231,0.129,-12.23,0.0276,03YtYSkpHqqY3EBmHJkTjP
657,175.907,0.868,0.726,0.24,0.58,0.0,0.291,-7.607,0.295,03Z4mIhCTYhlT1v7mkBJjg
658,160.143,0.869,0.744,0.228,0.727,0.000111,0.142,-11.225,0.32,03Z9Xiu6te6MbMRlICuDGL
659,166.054,0.493,0.399,0.237,0.593,1.2e-06,0.133,-8.0,0.0584,03ZQQa7FnfggPBfYQVpa9a
660,97.339,0.258,0.582,0.792,0.361,0.287,0.334,-13.59,0.0343,03a1PzNuxKCDfTamVG86MZ
661,128.495,0.775,0.541,0.591,0.884,1.41e-06,0.745,-5.326,0.109,03aNG7WrtBVPh0gEtc8YuH
662,187.816,0.684,0.605,0.0208,0.714,1.93e-06,0.537,-5.935,0.402,03aza8ha2oaHLgB4hvdsyo
663,149.949,0.584,0.664,0.896,0.222,0.264,0.0717,-11.692,0.0337,03bHj8H1BgFe9rOUCAnUcY
664,119.926,0.128,0.454,0.426,0.53,0.0,0.0748,-5.598,0.0344,03bJAhLIXtHDxMozoBvUgd
665,82.608,0.391,0.168,0.00212,0.91,2.43e-05,0.363,-3.345,0.106,03bb6AxzMre5LjZzTiLb1r
666,80.999,0.249,0.372,0.317,0.499,0.0,0.112,-7.189,0.0326,03cSf8CTQbwnuUCJzYf8i7
667,105.043,0.124,0.685,0.169,0.372,0.17,0.183,-4.974,0.163,03eIEzOHqJrAV6gUhTV9Va
668,129.991,0.556,0.634,0.102,0.659,0.000109,0.0904,-8.939,0.0292,03eWbrmzHkd5wuW6svNtyQ
669,112.321,0.345,0.526,0.662,0.446,0.0,0.143,-10.921,0.0643,03egTUH65gwmAJQbxb1BDs
670,107.983,0.184,0.616,0.297,0.791,0.0833,0.0725,-7.648,0.0431,03egwBfmIRrfZtGCBhj5kg
671,77.503,0.412,0.48,0.000169,0.714,0.985,0.0615,-7.93,0.032,03eqdlquKzJQg9LYngD6HO
672,77.984,0.495,0.573,0.692,0.743,0.0,0.202,-4.996,0.0397,03f69ZNG8RejnMmH49aM3a
673,168.112,0.213,0.595,0.254,0.689,5.44e-06,0.129,-6.107,0.148,03f7xZmt2wHCIDJBFPK8G4
674,164.89,0.52,0.383,1.8e-06,0.96,1.53e-05,0.347,-4.203,0.057,03fShOmxoMwFwulNoLJDJv
675,143.935,0.595,0.506,0.0916,0.886,0.0,0.0734,-3.225,0.0655,03fT3OHB9KyMtGMt2zwqCT
676,95.056,0.941,0.701,0.073,0.803,0.0,0.0416,-3.912,0.313,03ffaxt78GbqpZ0vfKrcyr
677,126.012,0.276,0.756,0.0219,0.904,0.000247,0.239,-4.859,0.0416,03fkCgwSgj90keA6X6HqC0
678,83.697,0.3,0.365,0.817,0.342,0.0,0.0719,-8.501,0.0362,03fnqKyfaEX0iBUdmgGuEq
679,128.006,0.707,0.896,0.103,0.978,0.0,0.0495,-3.593,0.12,03fotfwKgehMzxYcPZLk0x
680,165.943,0.692,0.504,0.0102,0.877,0.000118,0.255,-4.83,0.0637,03g7fElHSW3uhrJ09gx6c6
681,131.195,0.193,0.516,0.00578,0.803,0.204,0.114,-4.934,0.0392,03gKQXrVqr182OivJqrSUt
682,118.027,0.524,0.589,0.000924,0.865,0.355,0.0663,-2.881,0.0347,03gNt9LmzZOZcnjKFKrFMl
683,119.987,0.78,0.776,0.169,0.76,0.0,0.0685,-6.465,0.0901,03giuF6StpnX7LsR4me1lN
684,118.539,0.374,0.58,0.94,0.214,0.0499,0.196,-12.507,0.0371,03gwiZgslCUcpFF5Jyp7MH
685,96.021,0.605,0.624,0.0224,0.817,0.0,0.0998,-4.611,0.0257,03h0HCkZ4LLwDJtnBuRBOk
686,120.022,0.157,0.668,0.825,0.563,0.896,0.0772,-14.899,0.0445,03h1p2QOhlQtFIhnup56ao
687,170.178,0.368,0.516,0.579,0.482,0.0,0.307,-6.04,0.0421,03hLe0OA5UuP7VXr4VYURD
688,122.937,0.433,0.607,0.00149,0.986,0.0,0.248,-3.399,0.0924,03hUwBvGTrQpHpvE4pO2oq
689,128.045,0.874,0.783,0.709,0.295,0.956,0.0939,-14.636,0.0758,03hVrrbV52cKFbg1stXgmS
690,160.047,0.326,0.42,0.00142,0.929,0.646,0.184,-7.41,0.0673,03hXMHGtoV6V2UzxyxuwvP
691,195.797,0.654,0.653,0.541,0.949,0.0,0.813,-3.457,0.114,03hfqijNQNbIpfcJOBPwZy
692,175.778,0.423,0.529,0.159,0.758,0.0,0.0388,-5.619,0.072,03hnjC8kAVy9tmfgcB0p0y
693,175.894,0.195,0.359,0.113,0.6,1.32e-06,0.0952,-7.317,0.0398,03hqMhmCZiNKMSPmVabPLP
694,115.003,0.197,0.473,5.57e-05,0.879,1.33e-05,0.0978,-4.454,0.0436,03jInOtVwApcacQN643qk5
695,119.978,0.597,0.766,0.106,0.561,0.000489,0.105,-6.167,0.168,03jcNioX4fCfRgDagg9kvB
696,107.976,0.506,0.693,0.339,0.789,0.0,0.108,-4.226,0.0299,03jfx8RCcOsJcefHYbPR2n
697,90.014,0.603,0.56,0.307,0.809,0.0,0.146,-7.447,0.0714,03llf55qnVnqzVNP03SEKZ
698,122.02,0.617,0.829,0.0793,0.502,0.762,0.109,-8.184,0.0524,03lqvDgdBKvrq3mGztwU93
699,122.934,0.179,0.501,0.758,0.301,0.00793,0.107,-10.8,0.0366,03mfJFcTsxfldb0DPI4ygj
700,77.201,0.0332,0.109,0.991,0.0725,0.937,0.112,-21.563,0.0436,03mxt5p12CaYy5SsBMmg7D
701,119.998,0.139,0.529,0.139,0.561,0.0195,0.0932,-5.577,0.034,03n2zDv0TXbH2q9XpzYpqY
702,171.24,0.729,0.534,0.966,0.271,0.00169,0.238,-10.411,0.131,03n4FH35pBrkjx9Wt361aS
703,93.026,0.623,0.9,0.0161,0.224,0.0,0.0667,-13.325,0.0768,03nBUJ7dBWDrbx4P0PFGXx
704,201.018,0.173,0.357,0.796,0.361,0.000548,0.108,-8.079,0.055,03nCB2bLgZMahtLTtKk0pU
705,103.185,0.199,0.739,0.314,0.488,0.631,0.0595,-10.989,0.0763,03oOZgsq6D8ceh4lHug2N6
706,122.04,0.586,0.689,0.0706,0.472,1.76e-05,0.335,-9.284,0.157,03oWLtwnZh3LVlTM6kUXmE
707,177.996,0.168,0.673,0.0724,0.82,0.0,0.127,-4.038,0.356,03oy2P9nPXzEKWfpfhDAyH
708,92.027,0.849,0.847,0.333,0.906,3.74e-05,0.0879,-5.302,0.0784,03pHq8WvgH49sT9ReHKtz2
709,98.943,0.397,0.591,0.728,0.453,0.0395,0.142,-11.467,0.0369,03pRnmoWR9IVKkIR73iGIG
710,122.344,0.333,0.663,0.0657,0.706,0.000217,0.256,-10.334,0.0734,03pcmgk7CccO3hJ9NzYdQm
711,81.382,0.253,0.44,0.00206,0.688,0.00136,0.106,-5.86,0.0345,03q1cm3P8fQsuTNOMFyQkr
712,182.956,0.567,0.244,0.0194,0.859,0.0279,0.117,-4.57,0.0423,03qKJWqX0I2tlMJiU72P1Y
713,70.379,0.294,0.417,0.238,0.861,2.79e-05,0.882,-5.613,0.101,03qSYwxRCavJccioep27Sx
714,114.925,0.626,0.7,0.05,0.803,0.0,0.101,-5.392,0.0292,03qjALA7Esk2oUdQafLksU
715,149.977,0.0749,0.426,0.00111,0.978,0.0,0.956,-3.278,0.133,03sCmgb8PsB4vOH1jrkCGS
716,171.928,0.588,0.44,0.0027,0.957,0.0,0.0646,-3.604,0.0572,03sNRFeWvYitmksOjDTSeB
717,99.983,0.197,0.457,0.104,0.534,6.86e-06,0.574,-7.66,0.0277,03sQJmtsGDLrBtlKoAvUTt
718,94.991,0.561,0.603,0.0117,0.688,0.75,0.0941,-5.515,0.0358,03sno6MIkoVX5eC4pRKMzr
719,174.813,0.0382,0.102,0.612,0.355,0.802,0.16,-13.614,0.0429,03sypv5hpcu00S9Ff89eiK
720,152.014,0.361,0.611,0.384,0.357,1.13e-06,0.103,-8.942,0.0277,03t54hE6wlvUxzKekueJxN
721,148.287,0.12,0.35,2.2e-05,0.964,0.000271,0.276,-4.049,0.0855,03tg6cOOCCZNPRZeOmYbYx
722,127.702,0.966,0.761,0.499,0.9,1.7e-05,0.06,-1.319,0.131,03tnCRrRvWxFy0MnHUkpTA
723,131.497,0.361,0.76,0.00544,0.595,0.0,0.241,-6.366,0.0391,03tqyYWC9Um2ZqU0ZN849H
724,105.997,0.2,0.621,0.543,0.853,0.912,0.423,-7.504,0.0311,03uOJUuuTgaFFI1Efal1no
725,126.043,0.0436,0.446,0.0843,0.328,3.15e-05,0.104,-9.653,0.0494,03uYJJEYs6H4GArW20eqvd
726,175.879,0.186,0.436,0.832,0.304,0.000198,0.11,-13.476,0.0309,03ubXJevpxiV4XgJ0xt0Sc
727,95.975,0.126,0.849,0.0185,0.438,0.0,0.318,-11.181,0.205,03urRSq6qlPimpyJSVWbUb
728,159.898,0.496,0.644,0.194,0.478,0.00376,0.106,-6.469,0.0529,03v70ZBxmcPX3RWAZMzqaW
729,178.948,0.366,0.232,0.00398,0.71,0.873,0.0872,-11.393,0.0386,03v7yBDPOOuA7gFv0xyK7s
730,174.012,0.732,0.72,0.0673,0.639,0.0,0.241,-8.028,0.0687,03vImkfmZ82Jsyuy7zJPJI
731,78.378,0.18,0.334,0.666,0.687,0.0,0.732,-6.725,0.0394,03vJxekuTDCQhdT3WfiVtq
732,150.076,0.657,0.63,0.0464,0.782,0.0,0.0944,-4.046,0.225,03w1u0L5fS0F7izSUkdqS2
733,110.005,0.196,0.681,0.191,0.214,0.0,0.09,-17.96,0.0349,03w3wv1rwQa2LhQodHda1u
734,77.002,0.268,0.67,0.000178,0.799,0.00981,0.166,-4.42,0.184,03wCoYB7mGs3zAAbnMb916
735,103.718,0.317,0.63,0.0683,0.801,0.135,0.13,-6.434,0.0266,03wqvxOYgomDNUWTzesadS
736,170.097,0.311,0.61,0.00665,0.829,0.0,0.144,-4.393,0.055,03wxNDkRZO34BV3Z27566C
737,88.722,0.211,0.264,0.705,0.547,0.0232,0.0997,-8.908,0.0324,03wxVlXdqCzRImWLTSF21U
738,108.066,0.385,0.673,0.112,0.42,0.0,0.0897,-7.581,0.0317,03xWMkKEbeO4SnylA53ipj
739,73.969,0.212,0.586,0.508,0.467,0.104,0.106,-8.431,0.0357,03xaRPghMl4sRAuO0AR57G
740,80.23,0.502,0.589,0.868,0.68,0.356,0.09,-8.887,0.379,03yPqXVJIYC5qKoYTUbAp7
741,122.975,0.744,0.766,0.00404,0.576,0.000138,0.0794,-5.614,0.0426,03yWftlC0np4NshtX9RAUy
742,87.335,0.55,0.332,0.51,0.742,0.188,0.106,-10.63,0.0917,03ybzRUwX9zWK69fSAAROH
743,97.994,0.0437,0.512,0.0915,0.493,4.13e-06,0.0666,-8.956,0.0602,03yib980AUBlXsJ8JJz54l
744,145.814,0.494,0.636,0.07,0.538,0.0,0.138,-6.973,0.0424,03z7FA3hMpedfEXOnpZfsI
745,129.057,0.478,0.367,0.0321,0.806,0.0,0.173,-5.177,0.0774,03zVmf5qaIgOkiPpqsjP0w
746,144.003,0.683,0.628,0.0103,0.937,0.0,0.0549,-3.545,0.0898,03zjj8Ni3NQqInP6FQ25v2
747,89.405,0.902,0.532,0.5,0.873,0.0,0.423,-5.093,0.339,040bfxASXZ4RHrb5my05ZT
748,154.494,0.383,0.386,0.458,0.49,0.0,0.552,-8.648,0.0546,041STHVCMt9AtrKYZAEyTi
749,117.994,0.172,0.229,0.000181,0.621,4.37e-05,0.239,-5.128,0.0393,042RaY48TNY9aesv8fqYTf
750,165.026,0.225,0.561,0.0269,0.758,1.23e-05,0.335,-5.912,0.089,042hLqldvqZaPNKiTW008v
751,127.966,0.659,0.681,0.00875,0.825,0.811,0.251,-4.379,0.092,042vge6apfznZWHPOLIMZ9
752,85.629,0.555,0.582,0.259,0.502,0.000378,0.16,-11.053,0.102,042wd4CrF4WTAwiKs0F7Ve
753,115.041,0.575,0.793,0.0167,0.476,5.99e-06,0.0864,-6.803,0.225,0433N69IselUcbs2fcRJKC
754,130.874,0.792,0.829,0.167,0.442,6.51e-06,0.0678,-7.656,0.0458,043KYKFUZ3FRyMm9HDGzkU
755,119.899,0.366,0.289,0.931,0.36,0.88,0.265,-13.008,0.0391,043MJ8zk9VQLvXXV01UbH6
756,129.007,0.338,0.632,0.0144,0.88,0.0021,0.118,-4.051,0.0463,043bfUkTydw0xJ5JjOT91w
757,114.325,0.0233,0.164,8.14e-05,0.547,0.969,0.357,-20.848,0.0759,043f7kIHqTGBaOtN2tmZqB
758,175.833,0.249,0.539,0.275,0.828,0.0,0.094,-7.916,0.361,044kzoJSr0QCqmP7YWJVgL
759,87.985,0.868,0.88,0.107,0.687,0.0,0.115,-8.765,0.253,044y2yHFmxCRnFpiZbuoOa
760,171.68,0.87,0.516,0.109,0.705,0.546,0.104,-4.358,0.0966,0455myqKgrIkofngPOUhpK
761,128.418,0.569,0.641,0.000445,0.784,0.00687,0.314,-8.364,0.0281,046SDsDSJ78nJDNW2XFN4h
762,108.838,0.635,0.87,0.521,0.678,0.00923,0.378,-7.645,0.0323,046mU05ZfQ383gXwRK8K72
763,116.444,0.343,0.541,0.522,0.475,0.144,0.0805,-10.989,0.0378,046r9OIF1bHuTeZoyk3b6r
764,125.134,0.544,0.67,0.636,0.45,0.0,0.116,-7.628,0.0273,0478mQXa11keCCdpWKEKgU
765,99.876,0.298,0.669,0.0326,0.545,0.0,0.2,-7.563,0.0545,047FzaHeN5Hgd1V0sDbZyv
766,93.021,0.553,0.708,0.36,0.704,0.0,0.131,-6.256,0.0629,047OwQQwyVF6plMgNIV6vR
767,111.94,0.905,0.772,0.716,0.793,0.0,0.104,-1.373,0.054,047SuYNbH7qrjEO6RhzGKU
768,111.519,0.312,0.492,0.646,0.26,0.00178,0.0705,-17.341,0.0921,047fCsbO4NdmwCBn8pcUXl
769,104.873,0.728,0.607,0.00117,0.734,0.00703,0.117,-6.538,0.26,047ldsPPTLwCptebeTrIzb
770,81.2,0.178,0.52,0.309,0.583,0.0185,0.118,-9.053,0.207,04854nSxND0MaZwy1PQ3bs
771,79.514,0.226,0.434,0.13,0.548,8.47e-05,0.377,-7.511,0.045,048DhsovcSSxmQUlNCCiJH
772,130.039,0.338,0.521,0.000584,0.93,0.00119,0.264,-4.219,0.0578,048rIiP977BBiepIeLKaYA
773,87.966,0.705,0.657,0.363,0.685,0.00806,0.129,-6.667,0.0797,0495XdT8Vts83c6D62srGw
774,119.971,0.957,0.73,0.0223,0.905,0.0499,0.0484,-3.252,0.122,049KaGUjlibRJttF7XVjhF
775,127.868,0.588,0.83,0.043,0.978,0.027,0.0403,-1.574,0.22,049MMnSYqnfbUFyAZlq8SY
776,92.515,0.0777,0.449,2.31e-05,0.987,0.0186,0.0989,-1.074,0.146,049cvUPkF3QeN5l58Nd9BV
777,119.749,0.0951,0.667,0.743,0.409,0.778,0.109,-12.476,0.0299,049hT4kfymuYezj7COJxAQ
778,170.27,0.582,0.501,0.494,0.534,0.0,0.107,-4.311,0.0367,049wfFS3kAsdmGOH8ktYJ3
779,128.942,0.669,0.566,0.0479,0.821,0.0,0.295,-3.482,0.0475,04A8bbdUo0wkesKOWSMztk
780,87.399,0.191,0.3,0.45,0.24,0.204,0.115,-10.768,0.0257,04AS0WvYHXlctDfKojeSsS
781,120.014,0.36,0.883,0.00715,0.65,0.0,0.332,-6.361,0.241,04AXtvkiBxQ9ZQAJ8sBZBF
782,109.891,0.3,0.561,0.00848,0.946,2.05e-05,0.0635,-0.899,0.128,04AYgtKFrpldRXe5y0LNGQ
783,114.995,0.0856,0.533,0.54,0.311,0.0,0.104,-9.141,0.0511,04BF15u9oROd5LLFIDcOdU
784,164.999,0.374,0.413,2.87e-05,0.969,0.000753,0.371,-2.599,0.119,04BSvYghzdxjSJNpee36er
785,138.022,0.0882,0.46,0.947,0.0987,0.882,0.108,-13.862,0.0689,04BW36IXv5wlUClwdOkzUA
786,151.972,0.505,0.616,0.428,0.807,0.0,0.756,-7.393,0.0668,04BYk4QTUUWD1pc1Kl6KGw
787,94.915,0.246,0.431,0.742,0.352,0.0,0.148,-9.335,0.0275,04BcODyhCDTV7SBFeJHOXe
788,78.55,0.0568,0.169,0.154,0.536,0.929,0.104,-15.561,0.0512,04CdDGjAGNdmLBjJnw0kqI
789,152.009,0.0606,0.277,1.75e-06,0.978,0.927,0.233,-2.884,0.126,04CqccF0CRt0M409GAExwx
790,96.053,0.417,0.595,0.0178,0.662,0.0,0.0804,-6.858,0.0362,04CttTezSnv71USiiG9mIo
791,170.059,0.852,0.564,0.102,0.837,0.0,0.0651,-4.385,0.0343,04CxdRXJQBdw4YwfdYuoCF
792,130.042,0.267,0.674,0.587,0.345,0.000132,0.137,-10.904,0.0506,04Cy9EVwlBwwoklGb4knOP
793,104.929,0.435,0.673,0.347,0.306,0.0,0.125,-8.979,0.0332,04DBoVWHI8nR09NqWddznX
794,91.016,0.542,0.658,0.0904,0.723,0.00221,0.156,-6.337,0.0255,04DCTRWJPjW7vE0wAZwseB
795,128.023,0.801,0.755,0.0562,0.848,1.98e-06,0.265,-5.946,0.153,04ECGtAFKdGE6tOzVAKo7U
796,124.996,0.433,0.716,0.0359,0.657,0.000351,0.0817,-5.877,0.0881,04EDShdWyBr2aJPqjFjKAQ
797,148.018,0.215,0.488,0.0285,0.606,0.0,0.228,-5.235,0.0314,04EkY1xc5yYedjagb27ndZ
798,122.06,0.31,0.693,0.592,0.477,0.0,0.118,-8.012,0.0305,04F1slSLfciNXAPZgdXtmW
799,163.942,0.786,0.606,0.456,0.829,0.0,0.0733,-5.62,0.0868,04F9ogoE7mShFurbvj9Y9U
800,139.92,0.445,0.618,0.209,0.548,1.71e-05,0.448,-6.551,0.0303,04FdD1nYNw8tB9CD7aNp91
801,101.895,0.144,0.256,8.41e-06,0.992,0.27,0.096,-4.505,0.136,04FfBJZBfU0UR5uqR4CJAD
802,120.003,0.791,0.709,0.0191,0.776,0.815,0.153,-8.351,0.0348,04G8syWNtbjgFSto01d7kd
803,104.016,0.713,0.544,0.00379,0.837,0.3,0.139,-6.158,0.0411,04GM7GU7v1RTgpopxFBu18
804,176.772,0.519,0.473,0.409,0.44,0.0,0.0994,-8.872,0.0355,04GSbfB9TU0uH32b3rZbLs
805,151.993,0.965,0.543,0.173,0.805,4.71e-06,0.141,-4.609,0.0491,04HYbU0XgrwWfQOak1FLr1
806,116.96,0.245,0.578,0.0911,0.619,0.0,0.172,-6.911,0.0311,04HenXWHfLUlsRsLPiBd0k
807,139.043,0.329,0.348,0.939,0.0732,0.0,0.137,-18.339,0.0363,04HoOUWF0qk81g0m7lObeZ
808,142.061,0.29,0.611,0.45,0.379,0.0,0.195,-10.194,0.0255,04IGL9xrDFZ2HHDf0rNfxR
809,110.01,0.939,0.796,0.125,0.748,0.0,0.253,-6.606,0.0473,04IJWWnE3Aii7gsmmD1CwK
810,134.015,0.435,0.555,0.00142,0.705,0.684,0.102,-6.236,0.03,04IpcDXPleA3v8XM4oB3kR
811,123.976,0.16,0.753,0.369,0.592,0.0182,0.104,-6.819,0.0863,04J0z2CDhzlw1YfyaKlIFF
812,109.761,0.856,0.727,0.304,0.735,0.0,0.293,-7.167,0.0467,04JEvxmdGP93VzXekCxoJZ
813,95.052,0.206,0.599,0.733,0.381,0.0,0.123,-8.337,0.0244,04Jcc8kwlHR9XlmUxUgEKq
814,99.98,0.491,0.633,0.065,0.749,0.0207,0.0676,-7.915,0.0311,04Jdmzb6gfuSZxGfAFc2NH
815,140.615,0.328,0.529,0.0245,0.549,0.0,0.0757,-6.024,0.35,04KJ4NGb2T22y26sTO41Q0
816,125.834,0.129,0.59,0.936,0.244,2.01e-06,0.0993,-10.82,0.035,04KOKbLltnesz9zVDavtLq
817,94.0,0.902,0.801,0.28,0.546,0.929,0.141,-7.256,0.132,04KsMCb9PZE2S0AtUU8Jhb
818,94.839,0.265,0.312,0.834,0.4,0.0,0.101,-9.272,0.0279,04L0p8GVp0O2OL8MXMjlsB
819,100.604,0.0383,0.355,0.944,0.344,0.911,0.109,-14.824,0.0368,04L6QVctO1p6rEiYh75yBo
820,104.432,0.65,0.756,0.604,0.419,0.0,0.0606,-8.889,0.0873,04LAPXr5C6W4ufoCVxr5Bx
821,128.024,0.441,0.542,0.251,0.862,0.000122,0.111,-4.423,0.0969,04LHuPqOMSpnHFaziPq1qO
822,180.025,0.232,0.608,0.0493,0.314,0.000106,0.137,-15.461,0.12,04LT2LwW5cMrIuq4Kvn1rM
823,78.002,0.287,0.781,0.026,0.532,0.0,0.0973,-8.399,0.2,04LsUHWpuMYh91dyCD7LNu
824,94.99,0.735,0.911,0.00435,0.777,0.0,0.0567,-2.579,0.26,04LxAkKoZd83WHB7ROzvoX
825,144.352,0.4,0.431,0.262,0.511,0.000185,0.0989,-6.717,0.0243,04M1uzCIkhWy9usJrtEc2C
826,114.765,0.214,0.631,0.772,0.277,0.0,0.114,-10.985,0.0537,04M3DsiMNyn8s5XQJrW5sL
827,138.538,0.0391,0.235,0.889,0.411,0.935,0.207,-11.371,0.0301,04Me7GXTY03245nMR0YRGI
828,86.689,0.532,0.395,0.00476,0.719,0.0,0.0892,-5.791,0.211,04MnLPpWdsoyFmuZzUHGnQ
829,114.922,0.086,0.725,0.444,0.127,0.365,0.118,-11.153,0.0595,04Mr5jeXzPFnEQUPtPzRVP
830,104.097,0.528,0.578,0.602,0.629,0.0,0.0708,-6.774,0.118,04NcPs5V6181I5hvUFY4Vp
831,153.021,0.701,0.543,0.0191,0.938,0.0,0.141,-4.745,0.0371,04O44ubiHsmxax67XcZgCh
832,151.963,0.15,0.427,0.161,0.751,0.0,0.0975,-6.696,0.0464,04OwNcF5kB2dM6X43Z9g9t
833,140.014,0.624,0.572,0.024,0.663,1.52e-06,0.371,-7.316,0.105,04OzTY1aR3ddOvyzHORSIh
834,125.009,0.391,0.497,7.06e-05,0.989,0.000263,0.413,-2.391,0.0895,04PB5VsFr1xbAph2ppzD89
835,110.203,0.0397,0.507,0.289,0.742,0.00403,0.0712,-7.194,0.0872,04Pc4kI4hS4C8oIFHFyXHB
836,147.952,0.759,0.606,0.466,0.962,1.11e-06,0.979,-3.965,0.0767,04PlQmD52bJDdRsKEgG99I
837,100.031,0.534,0.704,0.0288,0.77,0.0,0.299,-4.986,0.0666,04PxH7CFGAaAvo6j0zZAOr
838,120.08,0.199,0.369,0.792,0.366,0.899,0.0887,-5.991,0.037,04Pz67xTLt7UBafUQKzrs3
839,148.008,0.169,0.353,0.00245,0.762,6.4e-06,0.0907,-5.422,0.0386,04QKeqtQ1KCDHTXK6mNwqX
840,69.421,0.0387,0.216,0.976,0.0511,0.934,0.0893,-25.233,0.0513,04QWxRzLnJzXy9gYQKtl6f
841,119.757,0.942,0.737,0.706,0.486,2.28e-06,0.179,-5.818,0.0442,04QYNjGUwtJ3emEPCvjaJl
842,91.964,0.774,0.516,0.0269,0.824,0.0,0.0696,-5.473,0.26,04R63LtwXGvm2OO5zyDa3h
843,128.047,0.0538,0.426,0.102,0.574,0.00461,0.077,-6.793,0.0288,04RV7yZOP59Me1Q4NoelMx
844,178.064,0.451,0.564,0.889,0.455,1.25e-05,0.108,-11.296,0.126,04SaNxbEN3fysbISrIiYod
845,180.094,0.699,0.76,0.371,0.54,0.0,0.481,-7.666,0.275,04SjhfpIKuLzsxCUYY838j
846,77.767,0.702,0.345,0.683,0.943,2.1e-05,0.216,-1.799,0.116,04SsHWzDOGc4vozF5ewNZF
847,137.39,0.237,0.309,0.43,0.542,0.0,0.0954,-6.023,0.031,04THq9ESnlipU969vuvSJx
848,96.483,0.52,0.78,0.44,0.705,0.0171,0.343,-6.976,0.0627,04TdDL9q31EgSZ6hMsDrpb
849,85.035,0.684,0.657,0.00267,0.797,0.0,0.609,-3.08,0.128,04TfSQMv5y5lVyCEdEaMHY
850,97.957,0.485,0.658,0.627,0.396,0.0,0.176,-12.753,0.0319,04TvtzVrd7FufnY5KJLXzO
851,100.268,0.596,0.624,0.956,0.224,0.0115,0.0895,-17.333,0.0366,04UHnyTynjTLw4uyO0GVlK
852,95.008,0.477,0.694,0.64,0.689,1.8e-06,0.0776,-5.463,0.03,04UTqRsNm7ozil6lXW05dB
853,109.837,0.51,0.64,0.652,0.492,0.0,0.126,-6.2,0.0273,04UVqH7qE1vPhtuN9kud5E
854,80.001,0.83,0.592,0.731,0.721,3.74e-06,0.099,-4.231,0.0311,04UVwAr6KCutpsLB4xX07n
855,73.201,0.39,0.499,0.517,0.521,0.0,0.127,-7.921,0.0396,04VtzZ6KCEZLoEomgVR4ln
856,119.914,0.619,0.656,0.225,0.95,9.35e-06,0.973,-4.795,0.138,04WB3yqGPyRKrsPWNhrlI1
857,84.969,0.6,0.517,0.796,0.212,0.0,0.17,-9.7,0.0399,04WQx5XWBaExK6vEP0gaO0
858,129.467,0.16,0.444,0.987,0.0296,0.869,0.11,-20.414,0.0411,04XGikZ9fnfEaQwobrQmbA
859,167.995,0.581,0.772,0.144,0.678,0.0,0.135,-8.418,0.219,04XYmCWsrPaPIb1juv6nQz
860,118.889,0.979,0.874,0.157,0.668,0.0,0.0493,-7.421,0.038,04Xdk7F9HgyHBcAwO7KE3F
861,190.113,0.418,0.313,0.0799,0.824,0.0333,0.957,-7.022,0.0453,04YCoK8SspDy9Gv52aUrz8
862,87.993,0.576,0.612,0.105,0.562,0.3,0.0588,-10.232,0.0637,04YObtYkElo3sNcr9hUe1w
863,118.023,0.856,0.773,0.439,0.774,0.000125,0.328,-3.67,0.0347,04YgriwmHLTTFvTbv3deyA
864,129.478,0.74,0.716,0.0249,0.559,0.000525,0.072,-17.685,0.0273,04Z2XuWzPw7z1M7oNk7pw4
865,109.509,0.446,0.502,0.0198,0.58,1.56e-05,0.204,-6.48,0.0294,04ZUQ7G8Aa0B7wvg12ypuw
866,139.867,0.145,0.652,0.0072,0.436,0.00161,0.257,-7.566,0.0292,04Zd8p9whNyRQWuhX76CmL
867,91.078,0.229,0.492,0.0104,0.873,0.0,0.0895,-3.193,0.0392,04ZzbJOLBEhaf8PVQuH96u
868,176.024,0.372,0.608,0.0577,0.511,0.674,0.126,-8.43,0.0327,04bMCNhvHbOgUiKQb0lWND
869,95.3,0.743,0.647,0.000471,0.881,0.621,0.335,-7.866,0.0395,04bTkYXhpWoyvPI1jGK5JI
870,131.493,0.671,0.469,0.000163,0.89,1.59e-05,0.298,-2.544,0.0329,04bqNCd6eN1qjldAG483qA
871,126.093,0.809,0.718,0.0107,0.854,0.0104,0.321,-5.838,0.0434,04c7miOQqGx8o9yMhOOx1f
872,68.175,0.581,0.538,0.49,0.55,0.00014,0.334,-6.2,0.0317,04cAI1gdfstN3CyOJmWAJu
873,125.723,0.949,0.816,0.618,0.523,0.411,0.0681,-9.937,0.0586,04cCYxaUC2LObYVTGlRYBX
874,84.682,0.796,0.589,0.212,0.638,0.0,0.0799,-5.799,0.196,04clw2CZuvRzvV54g6Ua4L
875,104.006,0.397,0.563,0.213,0.741,0.0,0.0982,-5.728,0.031,04colE4oJt50AHwFhrT57v
876,155.996,0.963,0.58,0.0288,0.894,0.0524,0.0717,-7.051,0.0467,04ctleCukrabm2kiv9QuQc
877,172.459,0.161,0.084,0.879,0.0747,0.877,0.13,-34.012,0.0594,04cuyaLUTKspSKLyfcrCc1
878,127.969,0.175,0.637,0.783,0.395,0.000127,0.09,-8.955,0.0274,04dG2ZfpqtQClzQLbh6STO
879,92.974,0.425,0.638,0.039,0.661,0.0,0.082,-7.413,0.1,04e7R4lIAKPthXtQ2dsZjW
880,105.876,0.555,0.626,0.0944,0.75,0.0,0.338,-6.41,0.0384,04efbtT8ZGnboxb8KIzVmE
881,149.758,0.311,0.301,5.17e-05,0.925,0.00948,0.0982,-3.162,0.0985,04exsWMZ4wsNFIgppuL8T8
882,89.968,0.598,0.803,0.311,0.767,0.0,0.073,-5.377,0.0535,04f13iELcsYpY2yeLiAcfq
883,129.972,0.1,0.667,0.00127,0.561,0.0,0.132,-5.107,0.0324,04f7fQILKDgLE8aHbF73VO
884,100.995,0.665,0.497,0.0726,0.892,0.00345,0.225,-3.779,0.0537,04fYjbed1Q9DmGgDF6AtEV
885,105.041,0.803,0.787,0.205,0.523,0.0492,0.115,-8.628,0.0603,04fnzAJxtQZFVbn8N3XrQm
886,114.099,0.226,0.624,0.987,0.0974,9.46e-06,0.1,-13.821,0.0362,04gk0AL1K1okgiAzBNwmfV
887,151.68,0.0871,0.243,0.962,0.122,0.929,0.161,-23.829,0.0334,04gk89Ml90KQwgI4Exn0xY
888,134.029,0.427,0.773,0.993,0.0745,0.919,0.118,-17.891,0.044,04gsQiGof2SQdNzNrnJBMY
889,90.683,0.429,0.653,0.0667,0.566,0.0218,0.125,-8.547,0.0352,04h8ffz907S09MTRMccI6d
890,160.003,0.494,0.801,0.00286,0.592,0.0,0.0689,-5.615,0.0699,04hXcVEHwt9FRxrbEBZkiX
891,143.936,0.801,0.606,0.0288,0.842,0.0,0.369,-3.792,0.0552,04hZt915q6pqzxXuPsGG9z
892,165.907,0.73,0.597,0.0448,0.748,0.0,0.626,-5.906,0.223,04i2uLdBAfCSYjQzZqspDa
893,79.003,0.0743,0.212,0.891,0.16,0.00103,0.287,-13.231,0.0353,04i4SzFHSPsP1c6OQzuyOp
894,153.115,0.558,0.38,0.00457,0.822,1.77e-05,0.109,-5.095,0.105,04iBN2ttkQBfGLj6DYlhKF
895,112.037,0.458,0.519,2.51e-05,0.922,3.48e-06,0.248,-2.985,0.0409,04iq3WCwkHZSRH4xHfxNgY
896,119.648,0.347,0.375,0.00492,0.925,6.12e-05,0.045,-4.549,0.0826,04jmrsQI3WUHaUTZ6sZ6eM
897,106.394,0.67,0.885,0.0868,0.485,0.79,0.0883,-9.299,0.0872,04jqhpf3oV06HtlmthfcZZ
898,84.986,0.411,0.552,0.116,0.731,3.56e-06,0.135,-4.652,0.0476,04k5plYPTwmii4Su4081nN
899,94.978,0.669,0.673,0.166,0.861,0.0,0.0767,-6.613,0.443,04kQPbNW10V0GKiP1lfPU9
900,110.997,0.468,0.64,0.333,0.676,0.0093,0.707,-14.619,0.0465,04kUx3ZqhMfJPF0bLJw1FO
901,75.781,0.178,0.254,0.969,0.167,0.949,0.106,-13.185,0.0375,04kacCDAgqqT3nuGbLt6r4
902,143.838,0.37,0.828,0.141,0.623,0.0,0.141,-5.473,0.221,04ku0KAoZtLyeircAz5MeY
903,119.163,0.448,0.402,0.891,0.342,4.04e-06,0.101,-9.593,0.0322,04l6yHbxMQjmUt4wMuyfWE
904,73.469,0.257,0.437,0.886,0.148,0.0,0.114,-11.98,0.0301,04lSrPCYId76ftPqmKg53n
905,76.485,0.38,0.572,0.836,0.282,0.0,0.115,-14.897,0.038,04ldhfKQYUZKBCg1TcdoAU
906,129.747,0.119,0.531,0.339,0.289,0.000376,0.134,-10.065,0.0286,04mAOoQNsXmDJlyupJwmkO
907,112.015,0.878,0.764,0.178,0.779,0.0,0.179,-7.664,0.0594,04mq28ok538qTCtlcApfs9
908,140.981,0.308,0.652,0.708,0.326,0.042,0.114,-9.789,0.0337,04nAGPiHLZtu8u4n4eS4uh
909,88.033,0.819,0.487,0.107,0.71,0.0,0.0915,-5.636,0.0718,04nemEju86ULMJ1iy6EAsF
910,149.044,0.363,0.504,6.34e-05,0.951,4.13e-05,0.344,-3.32,0.0607,04nmPSC0Nt68vRb6XcjzJc
911,114.658,0.281,0.581,0.495,0.7,0.0011,0.12,-6.763,0.0844,04pehLDX56sU40yBcdEbg8
912,115.013,0.938,0.873,0.0625,0.629,0.0017,0.269,-8.83,0.111,04pnOy580O0I2Htn3VT9b3
913,121.876,0.516,0.579,0.539,0.449,6.45e-06,0.0968,-8.889,0.0287,04ptRnX17bfLoQ7i4pZAKc
914,120.012,0.603,0.853,0.262,0.556,0.0306,0.0619,-10.101,0.0379,04pwvjEZN5qeQsfjz7F1Kl
915,83.584,0.337,0.38,0.876,0.234,0.0,0.2,-8.29,0.0338,04qD1K73NlKL7dKE5lLJdO
916,78.056,0.582,0.639,0.00355,0.857,0.0,0.322,-5.295,0.0361,04qWdvB1jkdmkAE0XDRvvk
917,134.365,0.187,0.353,0.694,0.52,0.0,0.145,-4.751,0.0318,04qqfjPWDqrg9q3HTToCfZ
918,87.646,0.0517,0.195,0.964,0.0831,0.887,0.0795,-19.627,0.0375,04r3Q1qtj1y3kyOXJy7Gk3
919,126.818,0.596,0.554,0.509,0.753,0.00137,0.195,-7.088,0.0334,04rMosX7Wp0gVhUPcJEPQr
920,74.958,0.248,0.508,0.0936,0.519,0.0,0.109,-7.786,0.0273,04riTCK49m7KmAHVCdNoev
921,104.729,0.715,0.671,0.0829,0.897,0.0,0.159,-4.254,0.332,04t8KUfSfNae6iC2yxMzy4
922,135.029,0.55,0.611,0.811,0.516,8.17e-06,0.109,-10.325,0.0482,04tj3gKVhgE883GQBgZlJi
923,118.764,0.697,0.621,0.776,0.316,0.00356,0.139,-17.503,0.106,04ty6HwbPa50ZxzxrMdQQx
924,87.989,0.933,0.643,0.431,0.891,0.0,0.121,-3.343,0.034,04u9U3bDD9dVZFDDI8v0ME
925,165.116,0.347,0.379,0.00554,0.595,0.468,0.48,-10.736,0.0457,04uGsEzXnvFxNtZzGzyuqn
926,139.876,0.126,0.409,0.75,0.35,0.0,0.114,-8.025,0.0275,04ugzFDYcsvp9ssHo0L2QQ
927,128.399,0.827,0.669,0.0596,0.979,0.896,0.0861,-7.218,0.0361,04uwJ9uQ9C3MhgwP9NACU9
928,97.143,0.963,0.662,0.424,0.79,0.0,0.0742,-5.808,0.0362,04uzw4rZ5ziac3cQQZpySZ
929,147.98,0.811,0.548,0.0123,0.946,0.0225,0.811,-4.331,0.0518,04w0DIF4bfFgnm6yLEtnrh
930,129.983,0.737,0.797,0.826,0.665,0.0,0.118,-6.398,0.0968,04wMxAODo0m0fWDJwk7ovy
931,99.977,0.775,0.87,0.524,0.536,0.00158,0.0737,-8.201,0.0978,04wTurGPiiCycX8meWvf6v
932,103.115,0.301,0.457,0.614,0.463,2.47e-05,0.106,-8.929,0.0341,04wrnpT0QumuU3GPWbf0VV
933,112.985,0.173,0.543,0.14,0.428,0.0,0.0876,-8.966,0.0262,04x6DpeFQ72efXsD0DmWPQ
934,120.986,0.664,0.69,0.163,0.91,0.0,0.0665,-4.103,0.083,04yfprdwbPNibN8M6vE8NQ
935,140.27,0.401,0.498,0.00824,0.809,0.0,0.189,-4.304,0.0564,04z8Jp9dEXMwW7SkCYYwWh
936,149.889,0.469,0.655,0.12,0.924,0.0301,0.577,-6.019,0.252,04zTdcX84IbaTHZWqsuSpF
937,151.517,0.268,0.573,0.0449,0.715,0.00322,0.0811,-6.455,0.0786,04zjJ3DfROLfusux2ZwhHM
938,150.045,0.297,0.519,0.0997,0.748,0.0,0.12,-5.938,0.075,04zodNGYYLI7Q7DsFgQAql
939,140.002,0.58,0.543,0.0101,0.745,0.0,0.316,-5.539,0.246,04ztwRi3PCiARDmoBUkn3U
940,69.352,0.0661,0.183,0.876,0.458,0.776,0.355,-9.651,0.0459,04zxGiXcmNQ0m9oDXtwo18
941,91.935,0.803,0.655,0.19,0.783,0.0,0.888,-5.35,0.0612,05014TXxT7UUAe3C7Vi5OL
942,170.068,0.979,0.749,0.371,0.622,0.0,0.0695,-6.606,0.0702,050UuOQmyhJ470uVMpm6dM
943,120.014,0.782,0.545,0.000357,0.916,0.0,0.0818,-3.507,0.0348,050hh6aTGgKMkoEvTMuwux
944,148.984,0.445,0.586,0.475,0.633,4.29e-06,0.164,-7.688,0.0318,050iNgNKEUrJboOnH4Jhm6
945,98.082,0.519,0.761,0.0941,0.821,5.73e-06,0.0594,-2.407,0.0695,051VzpEn17dLinnypLAUNG
946,90.768,0.741,0.697,0.26,0.67,0.0,0.0568,-7.544,0.0698,051rkBaYDt3Ls8zapH40xM
947,85.872,0.605,0.457,0.102,0.682,0.0,0.0833,-5.244,0.118,051urfGQsQOQXSbjIumG9v
948,80.085,0.409,0.697,0.729,0.459,8.35e-06,0.0971,-8.498,0.448,0526DaOuV7mRlPKxhMSJKw
949,180.035,0.244,0.632,0.154,0.563,0.000471,0.125,-8.217,0.178,052G0hdELhqeH21QthbGvF
950,167.014,0.219,0.327,0.923,0.19,2.97e-06,0.0759,-10.2,0.0357,052oCOM3iop09zYBpn5rGJ
951,164.233,0.0926,0.337,0.0144,0.582,0.0,0.107,-7.603,0.0552,052qlLEH6ToEQfmSGK8YRQ
952,95.046,0.477,0.686,0.257,0.691,0.0,0.145,-4.616,0.0371,052vSBPxqdmYRDlkSPiavc
953,139.933,0.224,0.51,0.596,0.65,0.0,0.474,-5.599,0.0329,0536KlZHZbBfPlCCb7hxDA
954,87.981,0.367,0.634,0.0114,0.833,0.0,0.138,-5.905,0.0709,053ErGCGPpBtr5T9E32wDC
955,77.003,0.685,0.311,0.621,0.0874,0.0306,0.0934,-26.492,0.106,053kZxouGV0zcP4f6YCsUU
956,140.069,0.154,0.689,0.0202,0.67,9.19e-05,0.134,-6.94,0.0758,053tQJvHupZLhjUWMmHlQ1
957,152.018,0.963,0.618,0.00897,0.763,0.0,0.3,-6.075,0.0379,053trmldheiFgDGCGgZ4WW
958,133.881,0.302,0.448,0.568,0.412,5.68e-05,0.159,-7.877,0.0281,053yoApAqzVFYZQUcf60Zv
959,143.93,0.364,0.567,0.831,0.368,0.0,0.142,-7.392,0.0342,054sQZ2qmw0Ya7N0XSxl3j
960,140.024,0.588,0.741,0.103,0.516,0.0,0.11,-9.416,0.224,0554XmQ9GXKFe1yINHl0CQ
961,162.871,0.287,0.395,0.0162,0.665,0.0118,0.116,-6.254,0.028,055qy9CPBFPD4PhC23cULi
962,108.647,0.62,0.585,0.798,0.819,0.0,0.916,-4.219,0.087,056E9aOuW3mlHZhSOU6geS
963,75.929,0.608,0.629,0.243,0.731,7.19e-06,0.107,-8.471,0.0641,056WH5eZUYEjtJK5LzDMcJ
964,92.006,0.714,0.652,0.193,0.844,0.0,0.234,-6.806,0.0656,056l0NdK5ZmSG9Z31QC8ii
965,142.131,0.552,0.599,0.283,0.954,0.0,0.837,-1.983,0.0963,056xcS5mhyny7dnDgndqjD
966,38.137,0.0372,0.239,0.986,0.0607,0.685,0.113,-22.497,0.0417,05704F5Uk32MIb9tX5omWQ
967,120.272,0.337,0.181,0.00292,0.743,0.79,0.43,-5.972,0.0477,057Tt2X3tVjt49e1XtoSnQ
968,123.012,0.594,0.831,0.0202,0.51,0.0092,0.102,-8.341,0.0558,057rAkaQRDyHvVeMn2TCw6
969,89.1,0.398,0.365,0.0126,0.774,0.0,0.357,-3.701,0.259,0588kHJ34DF7ZvTyuo4Dnk
970,77.266,0.333,0.44,0.0393,0.522,0.73,0.129,-14.14,0.0955,058LWxwKky2YH6GlA7bOVw
971,133.512,0.899,0.733,0.571,0.585,0.00523,0.0892,-5.551,0.0314,058T5UiAWu70uTAYDN67kY
972,125.018,0.369,0.727,0.614,0.693,0.418,0.122,-9.916,0.042,058bYtysQS0bnt7KtEnZsg
973,121.532,0.388,0.42,0.3,0.477,0.0,0.105,-7.663,0.0281,058tyWQSQ3CrXp1locpRdN
974,118.037,0.154,0.369,0.666,0.378,0.00807,0.29,-8.809,0.0722,058xJ3P9GObtmf10EpsRwm
975,108.156,0.357,0.492,0.434,0.638,0.954,0.154,-9.095,0.0295,058ylCuWsj0Q85LWviID7u
976,79.337,0.105,0.465,0.594,0.396,0.0,0.0989,-10.641,0.0276,059NVOghDOwrfO304aKYYj
977,172.958,0.462,0.56,0.0012,0.957,0.0183,0.602,-6.881,0.391,059Ym3Ib9pLNZkzanJPiSC
978,130.034,0.402,0.858,0.276,0.481,0.00075,0.42,-8.096,0.26,05AXwekEtlEQtIShshh7aY
979,150.016,0.215,0.914,0.0031,0.515,0.0,0.105,-9.934,0.356,05And5JRQJeIaMASE5D9Nj
980,120.985,0.872,0.965,0.589,0.784,1.89e-05,0.564,-4.287,0.122,05ApEAT889haImO4kMB6Z1
981,146.328,0.63,0.581,0.0619,0.629,0.506,0.111,-7.56,0.055,05BJQUM4bATKGFheqrC6CW
982,95.004,0.223,0.323,0.016,0.876,0.1,0.198,-4.788,0.0567,05BRMmqApBaBjxQlxTeD7p
983,139.999,0.435,0.54,0.606,0.766,0.0,0.0903,-4.478,0.05,05BgC2247XGi8ySwBzOO0o
984,128.819,0.226,0.479,0.00227,0.69,0.0,0.783,-7.759,0.0352,05BiVquekV6TGChaw1H0Kb
985,158.728,0.722,0.7,0.0641,0.712,1.55e-05,0.167,-6.424,0.0413,05BtN8RrrRQdmNnGTX9cHo
986,83.534,0.563,0.561,0.181,0.757,0.0,0.371,-7.3,0.429,05CCOTdasNBq1buAjKDhTl
987,119.124,0.551,0.557,0.761,0.462,0.0,0.0833,-7.093,0.0404,05CE2mvaIBPMCHuCfzYIzs
988,85.024,0.249,0.512,0.0724,0.526,0.0,0.0675,-5.44,0.0251,05CrK6Q5VGtfPDtyQFJ4Kf
989,140.009,0.425,0.413,0.000133,0.917,0.0011,0.0887,-4.228,0.0624,05CtArkh6PiG3ENphh5qpG
990,174.964,0.966,0.586,0.705,0.531,1.89e-05,0.0918,-3.958,0.0402,05D1EBsM6yXdThNje9VWoh
991,109.847,0.528,0.776,0.117,0.725,0.0,0.142,-5.191,0.0751,05DDI0GbLFd0oAfWuSrI8y
992,144.167,0.303,0.44,0.537,0.591,0.0,0.0486,-6.708,0.0322,05DMXMZvPUrxCGdTuvnJlG
993,161.788,0.561,0.491,0.0735,0.834,6.42e-06,0.0953,-5.101,0.0341,05DejmhRYCktQogzOVX1H9
994,204.049,0.696,0.481,0.341,0.443,1.73e-05,0.123,-10.37,0.0427,05DjGdZSV6nEeUkd78afBO
995,81.009,0.0823,0.745,0.0741,0.251,0.785,0.0923,-12.14,0.0429,05E1O0BB7rJZ9WYV0ceXr3
996,102.967,0.791,0.752,0.14,0.79,2.64e-05,0.0773,-4.718,0.0559,05EcX9f7aj858At27OLDLb
997,156.832,0.842,0.622,0.574,0.799,0.0,0.346,-4.61,0.203,05EvjHlCUgXSZ63pANGA8E
998,139.863,0.277,0.563,0.415,0.401,0.00305,0.158,-9.073,0.0243,05Ez6KwjICkscWQVTsT3f5
999,174.564,0.83,0.179,0.148,0.736,0.9,0.23,-7.66,0.0347,05EzpG5riTDvvmrZJgcBPV
